Time,Point,head,vulva,head_confidence,shift_ax0,shift_ax1
0,1,L,U,0.7878787878787878,1,-1
1,1,L,U,0.7878787878787878,-2,-1
2,1,L,D,0.7878787878787878,1,6
3,1,R,U,0.7878787878787878,-1,-2
4,1,R,D,0.7878787878787878,1,-2
5,1,R,D,0.7878787878787878,1,-3
6,1,R,D,0.7878787878787878,2,1
7,1,R,U,0.7878787878787878,-2,-2
8,1,L,D,0.7878787878787878,-1,-2
9,1,L,U,0.7878787878787878,0,4
10,1,L,U,0.7878787878787878,-1,2
11,1,L,U,0.7878787878787878,0,-5
12,1,R,U,0.7878787878787878,1,1
13,1,R,U,0.7878787878787878,2,-1
14,1,R,U,0.7878787878787878,1,3
15,1,L,D,0.7878787878787878,-1,-1
16,1,L,U,0.7878787878787878,1,-3
17,1,L,U,0.7878787878787878,1,-1
18,1,L,U,0.7878787878787878,-1,3
19,1,R,D,0.7878787878787878,0,-1
20,1,R,D,0.7878787878787878,-1,0
21,1,R,U,0.7878787878787878,-1,4
22,1,R,D,0.7878787878787878,0,-7
23,1,L,D,0.7878787878787878,0,-4
24,1,R,U,0.7878787878787878,1,1
25,1,L,D,0.7878787878787878,-1,5
26,1,L,U,0.7878787878787878,0,0
27,1,R,D,0.7878787878787878,0,2
28,1,L,U,0.7878787878787878,0,1
29,1,L,D,0.7878787878787878,-1,-10
30,1,R,U,0.7878787878787878,-2,0
31,1,L,U,0.7878787878787878,0,-1
32,1,R,U,0.7878787878787878,0,4
33,1,R,U,0.7878787878787878,2,-4
34,1,L,D,0.7878787878787878,1,-1
35,1,R,U,0.7878787878787878,1,-6
36,1,R,D,0.7878787878787878,-1,-1
37,1,R,U,0.7878787878787878,-2,-1
38,1,L,D,0.7878787878787878,1,-1
39,1,R,U,0.7878787878787878,0,-1
40,1,R,U,0.7878787878787878,-1,2
41,1,L,U,0.7878787878787878,1,1
42,1,R,D,0.7878787878787878,2,-5
43,1,R,D,0.7878787878787878,-1,1
44,1,R,D,0.7878787878787878,2,3
45,1,R,D,0.7878787878787878,1,0
46,1,R,D,0.7878787878787878,1,-1
47,1,R,U,0.7878787878787878,3,3
48,1,L,D,0.7878787878787878,1,7
49,1,L,D,0.7878787878787878,-1,6
50,1,R,U,0.7878787878787878,-3,-9
51,1,R,D,0.7878787878787878,-1,-5
52,1,R,D,0.7878787878787878,0,-1
53,1,R,D,0.7878787878787878,-1,-8
54,1,R,D,0.7878787878787878,1,-2
55,1,R,D,0.7878787878787878,3,-1
56,1,R,U,0.7878787878787878,1,-4
57,1,R,D,0.7878787878787878,0,-4
58,1,L,U,0.7878787878787878,0,3
59,1,R,D,0.7878787878787878,-2,0
60,1,R,D,0.7878787878787878,-2,3
61,1,R,D,0.7878787878787878,1,1
63,1,R,D,0.7878787878787878,1,3
64,1,L,U,0.7878787878787878,-1,0
65,1,L,U,0.7878787878787878,2,0
66,1,R,D,0.7878787878787878,0,3
67,1,R,D,0.7878787878787878,0,-2
68,1,R,D,0.7878787878787878,-1,-1
69,1,L,U,0.7878787878787878,0,0
70,1,L,U,0.7878787878787878,0,-1
71,1,L,U,0.7878787878787878,0,-1
72,1,L,U,0.7878787878787878,0,0
73,1,L,U,0.7878787878787878,0,0
74,1,L,U,0.7878787878787878,0,-2
75,1,L,U,0.7878787878787878,-1,0
76,1,L,U,0.7878787878787878,-2,2
77,1,L,U,0.7878787878787878,-1,2
78,1,L,U,0.7878787878787878,1,-1
79,1,L,U,0.7878787878787878,1,3
80,1,L,U,0.7878787878787878,2,1
81,1,L,U,0.7878787878787878,1,0
82,1,R,D,0.7878787878787878,1,1
83,1,L,U,0.7878787878787878,-1,-1
84,1,R,D,0.7878787878787878,-1,2
85,1,R,U,0.7878787878787878,-4,3
86,1,R,U,0.7878787878787878,-2,2
87,1,R,U,0.7878787878787878,-1,2
88,1,R,U,0.7878787878787878,0,3
89,1,R,U,0.7878787878787878,3,4
90,1,R,U,0.7878787878787878,2,7
91,1,R,U,0.7878787878787878,0,2
92,1,R,U,0.7878787878787878,0,-5
93,1,R,D,0.7878787878787878,-1,-4
94,1,R,U,0.7878787878787878,1,-2
95,1,L,D,0.7878787878787878,2,-2
96,1,R,U,0.7878787878787878,0,8
97,1,L,D,0.7878787878787878,2,5
98,1,R,U,0.7878787878787878,1,3
99,1,L,D,0.7878787878787878,-1,2
100,1,R,U,0.7878787878787878,0,-1
101,1,R,U,0.7878787878787878,-2,-6
102,1,L,D,0.7878787878787878,0,2
103,1,L,D,0.7878787878787878,0,10
104,1,L,D,0.7878787878787878,3,-3
105,1,R,U,0.7878787878787878,-1,-2
106,1,R,U,0.7878787878787878,-1,-2
107,1,R,U,0.7878787878787878,0,-8
108,1,R,U,0.7878787878787878,-1,2
109,1,R,U,0.7878787878787878,2,11
110,1,R,U,0.7878787878787878,2,-4
111,1,R,U,0.7878787878787878,1,-3
112,1,L,D,0.7878787878787878,0,-13
113,1,R,U,0.7878787878787878,0,-8
114,1,L,D,0.7878787878787878,0,4
115,1,L,D,0.7878787878787878,-2,9
116,1,L,D,0.7878787878787878,-2,6
117,1,R,U,0.7878787878787878,1,7
118,1,L,D,0.7878787878787878,2,6
119,1,L,D,0.7878787878787878,0,-2
120,1,R,U,0.7878787878787878,0,-2
121,1,R,U,0.7878787878787878,-1,-2
122,1,L,D,0.7878787878787878,0,-3
123,1,L,D,0.7878787878787878,-1,-3
124,1,R,U,0.7878787878787878,-2,-2
125,1,R,U,0.7878787878787878,1,0
126,1,R,U,0.7878787878787878,-1,-7
127,1,L,D,0.7878787878787878,1,7
128,1,R,U,0.7878787878787878,3,0
129,1,L,D,0.7878787878787878,2,-8
130,1,R,U,0.7878787878787878,-1,-16
131,1,R,D,0.7878787878787878,0,3
132,1,R,D,0.7878787878787878,1,0
133,1,R,U,0.7878787878787878,-3,2
134,1,R,D,0.7878787878787878,2,3
135,1,R,U,0.7878787878787878,1,10
136,1,L,D,0.7878787878787878,1,1
137,1,R,U,0.7878787878787878,0,-4
138,1,R,D,0.7878787878787878,2,-8
139,1,R,D,0.7878787878787878,1,4
140,1,R,D,0.7878787878787878,1,-5
141,1,L,U,0.7878787878787878,-1,-5
142,1,R,D,0.7878787878787878,1,2
143,1,R,D,0.7878787878787878,0,2
144,1,L,D,0.7878787878787878,-2,-1
145,1,R,U,0.7878787878787878,-3,3
146,1,R,D,0.7878787878787878,1,5
147,1,R,D,0.7878787878787878,0,9
148,1,L,U,0.7878787878787878,0,5
149,1,R,D,0.7878787878787878,2,-2
150,1,R,D,0.7878787878787878,1,2
151,1,R,D,0.7878787878787878,-2,4
152,1,R,D,0.7878787878787878,-1,5
153,1,L,U,0.7878787878787878,-1,-15
154,1,R,D,0.7878787878787878,0,-12
155,1,R,D,0.7878787878787878,2,15
156,1,R,U,0.7878787878787878,0,-12
157,1,R,U,0.7878787878787878,-1,14
158,1,R,U,0.7878787878787878,0,13
159,1,L,D,0.7878787878787878,0,9
160,1,R,U,0.7878787878787878,1,6
161,1,L,D,0.7878787878787878,1,-2
162,1,L,D,0.7878787878787878,1,-9
163,1,R,U,0.7878787878787878,-1,-4
164,1,R,U,0.7878787878787878,0,1
165,1,R,U,0.7878787878787878,0,0
166,1,R,U,0.7878787878787878,0,8
167,1,R,U,0.7878787878787878,1,3
168,1,R,U,0.7878787878787878,1,1
169,1,R,U,0.7878787878787878,1,-4
170,1,R,U,0.7878787878787878,0,6
171,1,R,U,0.7878787878787878,1,-7
172,1,R,U,0.7878787878787878,3,-9
173,1,L,D,0.7878787878787878,1,-2
174,1,L,D,0.7878787878787878,-1,0
175,1,R,U,0.7878787878787878,0,-10
176,1,R,D,0.7878787878787878,0,0
177,1,R,D,0.7878787878787878,0,-25
178,1,L,U,0.7878787878787878,0,1
179,1,L,U,0.7878787878787878,1,1
180,1,L,U,0.7878787878787878,1,15
181,1,R,D,0.7878787878787878,3,11
182,1,R,U,0.7878787878787878,0,3
183,1,R,U,0.7878787878787878,1,1
184,1,R,U,0.7878787878787878,-1,-4
185,1,R,D,0.7878787878787878,2,-9
186,1,L,D,0.7878787878787878,0,-3
187,1,L,U,0.7878787878787878,-1,-3
188,1,L,U,0.7878787878787878,-1,2
189,1,L,D,0.7878787878787878,-2,10
190,1,R,D,0.7878787878787878,1,3
191,1,R,D,0.7878787878787878,3,6
192,1,R,D,0.7878787878787878,1,5
193,1,R,D,0.7878787878787878,1,7
194,1,R,D,0.7878787878787878,3,5
195,1,R,D,0.7878787878787878,1,15
196,1,L,U,0.7878787878787878,-2,22
200,1,L,U,0.7878787878787878,0,2
202,1,L,U,0.7878787878787878,0,-1
7,2,L,D,0.9032258064516129,1,4
8,2,L,D,0.9032258064516129,-2,1
9,2,L,U,0.9032258064516129,0,-1
10,2,L,U,0.9032258064516129,0,-1
11,2,R,D,0.9032258064516129,2,-8
12,2,R,U,0.9032258064516129,1,-2
13,2,L,U,0.9032258064516129,1,3
14,2,R,D,0.9032258064516129,3,-1
15,2,L,U,0.9032258064516129,0,10
16,2,R,D,0.9032258064516129,0,-2
17,2,R,U,0.9032258064516129,-2,-4
18,2,L,D,0.9032258064516129,0,-2
19,2,L,U,0.9032258064516129,-1,-1
20,2,R,U,0.9032258064516129,1,1
21,2,R,U,0.9032258064516129,1,-4
22,2,R,U,0.9032258064516129,0,-3
23,2,L,D,0.9032258064516129,1,-6
24,2,R,D,0.9032258064516129,0,-5
25,2,R,U,0.9032258064516129,-1,-1
26,2,R,U,0.9032258064516129,0,2
27,2,R,U,0.9032258064516129,0,8
28,2,L,U,0.9032258064516129,2,-3
29,2,L,D,0.9032258064516129,-1,-3
30,2,R,D,0.9032258064516129,0,3
31,2,R,D,0.9032258064516129,1,2
32,2,L,D,0.9032258064516129,1,-2
33,2,R,D,0.9032258064516129,0,3
34,2,L,D,0.9032258064516129,1,4
35,2,L,U,0.9032258064516129,-2,-2
36,2,L,D,0.9032258064516129,0,0
37,2,L,D,0.9032258064516129,-1,-1
38,2,L,D,0.9032258064516129,-1,0
39,2,L,D,0.9032258064516129,0,-1
40,2,L,D,0.9032258064516129,0,3
41,2,L,D,0.9032258064516129,1,-3
42,2,L,D,0.9032258064516129,1,2
43,2,L,D,0.9032258064516129,0,1
44,2,R,U,0.9032258064516129,2,0
45,2,R,U,0.9032258064516129,0,-5
46,2,R,U,0.9032258064516129,-1,7
47,2,R,D,0.9032258064516129,-1,4
48,2,L,U,0.9032258064516129,-2,-2
49,2,R,U,0.9032258064516129,1,0
50,2,R,D,0.9032258064516129,1,-4
51,2,L,U,0.9032258064516129,0,-8
52,2,R,D,0.9032258064516129,0,-6
53,2,R,U,0.9032258064516129,1,0
54,2,L,D,0.9032258064516129,0,4
55,2,L,D,0.9032258064516129,1,-4
56,2,R,U,0.9032258064516129,-1,2
57,2,R,U,0.9032258064516129,0,1
58,2,L,U,0.9032258064516129,1,1
59,2,L,U,0.9032258064516129,0,2
60,2,L,U,0.9032258064516129,-1,0
61,2,L,U,0.9032258064516129,-2,-1
62,2,L,D,0.9032258064516129,0,3
64,2,L,D,0.9032258064516129,1,1
65,2,L,D,0.9032258064516129,0,-3
66,2,R,U,0.9032258064516129,-1,0
67,2,L,D,0.9032258064516129,0,-1
68,2,L,D,0.9032258064516129,0,2
69,2,L,D,0.9032258064516129,-1,5
70,2,R,U,0.9032258064516129,-2,-1
71,2,R,U,0.9032258064516129,1,1
72,2,R,U,0.9032258064516129,0,-1
73,2,L,D,0.9032258064516129,1,-4
74,2,L,D,0.9032258064516129,0,3
75,2,R,U,0.9032258064516129,-1,4
76,2,R,U,0.9032258064516129,2,-1
77,2,R,U,0.9032258064516129,1,0
78,2,L,D,0.9032258064516129,1,-3
79,2,R,U,0.9032258064516129,-2,1
80,2,R,U,0.9032258064516129,1,2
81,2,R,U,0.9032258064516129,-1,1
83,2,R,D,0.9032258064516129,0,0
84,2,R,D,0.9032258064516129,-1,4
86,2,R,D,0.9032258064516129,1,-1
87,2,R,D,0.9032258064516129,-2,2
88,2,R,D,0.9032258064516129,1,0
89,2,L,D,0.9032258064516129,0,-1
90,2,L,D,0.9032258064516129,1,-8
91,2,L,D,0.9032258064516129,1,1
92,2,L,D,0.9032258064516129,1,2
93,2,R,U,0.9032258064516129,-1,4
94,2,R,U,0.9032258064516129,1,1
96,2,L,D,0.9032258064516129,0,1
97,2,R,U,0.9032258064516129,1,4
98,2,R,U,0.9032258064516129,0,-4
99,2,R,D,0.9032258064516129,-1,4
100,2,R,D,0.9032258064516129,-1,-5
101,2,R,D,0.9032258064516129,-1,-9
102,2,R,D,0.9032258064516129,0,1
103,2,R,D,0.9032258064516129,1,2
104,2,L,U,0.9032258064516129,1,3
105,2,L,U,0.9032258064516129,1,1
106,2,L,D,0.9032258064516129,1,1
107,2,R,U,0.9032258064516129,2,6
108,2,R,U,0.9032258064516129,0,-3
109,2,R,U,0.9032258064516129,-1,0
110,2,R,U,0.9032258064516129,-1,0
111,2,L,D,0.9032258064516129,0,-2
112,2,L,D,0.9032258064516129,-1,9
113,2,L,D,0.9032258064516129,0,-4
114,2,R,D,0.9032258064516129,0,-4
115,2,L,U,0.9032258064516129,-2,3
116,2,L,U,0.9032258064516129,1,7
117,2,L,U,0.9032258064516129,1,-4
118,2,L,U,0.9032258064516129,1,-3
119,2,L,D,0.9032258064516129,0,-2
120,2,R,U,0.9032258064516129,-1,-3
122,2,L,D,0.9032258064516129,1,0
123,2,L,D,0.9032258064516129,-1,1
124,2,R,U,0.9032258064516129,-2,-1
125,2,L,D,0.9032258064516129,2,1
126,2,L,D,0.9032258064516129,-1,2
127,2,L,U,0.9032258064516129,0,4
128,2,L,D,0.9032258064516129,-2,5
129,2,L,U,0.9032258064516129,0,3
130,2,L,D,0.9032258064516129,0,-1
131,2,R,U,0.9032258064516129,2,5
132,2,R,U,0.9032258064516129,0,-1
133,2,R,U,0.9032258064516129,1,3
134,2,R,U,0.9032258064516129,-2,-5
135,2,R,D,0.9032258064516129,1,-3
136,2,R,D,0.9032258064516129,1,-5
137,2,R,D,0.9032258064516129,0,-2
138,2,R,D,0.9032258064516129,0,-2
139,2,R,D,0.9032258064516129,-1,1
140,2,R,D,0.9032258064516129,1,2
141,2,R,D,0.9032258064516129,-1,-8
142,2,R,D,0.9032258064516129,0,1
143,2,R,D,0.9032258064516129,0,-3
144,2,L,U,0.9032258064516129,-2,6
145,2,L,D,0.9032258064516129,3,3
146,2,L,D,0.9032258064516129,-2,14
147,2,R,U,0.9032258064516129,1,-2
148,2,R,U,0.9032258064516129,1,0
149,2,R,U,0.9032258064516129,1,-7
150,2,R,U,0.9032258064516129,-1,-3
151,2,R,D,0.9032258064516129,-1,-4
152,2,R,U,0.9032258064516129,-1,1
153,2,R,U,0.9032258064516129,1,1
154,2,R,U,0.9032258064516129,1,1
155,2,L,D,0.9032258064516129,-1,1
156,2,L,D,0.9032258064516129,1,8
157,2,R,U,0.9032258064516129,0,-1
158,2,R,U,0.9032258064516129,1,-3
159,2,R,U,0.9032258064516129,0,9
160,2,R,U,0.9032258064516129,0,-9
161,2,R,U,0.9032258064516129,-1,-7
162,2,R,U,0.9032258064516129,-1,6
163,2,R,U,0.9032258064516129,0,6
164,2,R,D,0.9032258064516129,-2,-10
165,2,R,U,0.9032258064516129,2,4
167,2,R,U,0.9032258064516129,0,-4
168,2,R,D,0.9032258064516129,-2,-8
169,2,R,D,0.9032258064516129,-2,5
170,2,L,U,0.9032258064516129,1,-4
171,2,L,U,0.9032258064516129,-1,-3
172,2,L,D,0.9032258064516129,1,6
173,2,R,U,0.9032258064516129,3,8
174,2,L,D,0.9032258064516129,1,-7
175,2,L,D,0.9032258064516129,0,4
176,2,L,D,0.9032258064516129,0,-6
177,2,L,D,0.9032258064516129,0,1
178,2,L,U,0.9032258064516129,-1,1
179,2,L,U,0.9032258064516129,2,-1
180,2,L,U,0.9032258064516129,0,3
181,2,R,D,0.9032258064516129,-1,-10
183,2,L,D,0.9032258064516129,1,-2
184,2,L,U,0.9032258064516129,0,-3
185,2,L,U,0.9032258064516129,0,-1
186,2,L,D,0.9032258064516129,-1,5
188,2,R,D,0.9032258064516129,2,2
189,2,R,D,0.9032258064516129,1,8
190,2,R,D,0.9032258064516129,0,-3
191,2,R,D,0.9032258064516129,1,-1
193,2,R,U,0.9032258064516129,0,-2
195,2,R,D,0.9032258064516129,1,1
196,2,R,D,0.9032258064516129,1,-2
198,2,R,D,0.9032258064516129,-1,5
199,2,R,D,0.9032258064516129,-1,1
201,2,L,D,0.9032258064516129,-2,4
202,2,R,U,0.9032258064516129,-2,-2
2,3,L,U,1.0,0,3
3,3,L,U,1.0,-1,-1
4,3,R,U,1.0,-1,0
5,3,L,D,1.0,2,4
6,3,R,D,1.0,-1,-3
7,3,L,D,1.0,2,-1
8,3,R,U,1.0,1,-1
9,3,R,U,1.0,0,-3
10,3,L,D,1.0,-1,0
11,3,R,U,1.0,0,2
12,3,L,D,1.0,-1,1
13,3,L,D,1.0,0,-3
14,3,R,U,1.0,0,2
15,3,L,U,1.0,-1,2
16,3,R,U,1.0,0,-4
17,3,L,D,1.0,-1,-4
18,3,R,U,1.0,-1,1
19,3,L,U,1.0,2,6
20,3,R,U,1.0,1,5
21,3,R,U,1.0,1,0
22,3,R,U,1.0,0,1
23,3,R,U,1.0,0,0
24,3,L,D,1.0,3,-2
25,3,L,D,1.0,-2,-2
26,3,R,U,1.0,0,-3
27,3,L,D,1.0,-2,3
28,3,L,U,1.0,0,1
29,3,L,U,1.0,0,6
30,3,R,U,1.0,1,0
31,3,R,D,1.0,1,7
33,3,L,U,1.0,1,1
34,3,R,U,1.0,-1,-2
35,3,L,D,1.0,1,0
36,3,R,U,1.0,1,1
37,3,R,U,1.0,1,5
38,3,R,D,1.0,-1,0
39,3,L,D,1.0,1,2
40,3,L,U,1.0,0,-2
41,3,L,U,1.0,-2,0
42,3,L,U,1.0,1,-5
43,3,R,U,1.0,0,0
44,3,L,U,1.0,-1,8
45,3,L,U,1.0,0,6
46,3,R,D,1.0,0,0
47,3,L,D,1.0,1,-4
48,3,L,U,1.0,-2,1
49,3,L,U,1.0,0,-12
50,3,L,U,1.0,-1,-8
51,3,R,D,1.0,0,2
52,3,R,U,1.0,0,-3
53,3,L,D,1.0,0,-3
54,3,R,U,1.0,2,1
55,3,R,U,1.0,-1,0
56,3,R,U,1.0,1,1
57,3,L,D,1.0,2,3
58,3,R,U,1.0,1,2
59,3,R,U,1.0,-1,-1
60,3,L,D,1.0,1,2
61,3,L,U,1.0,2,-3
62,3,L,U,1.0,2,-11
63,3,R,D,1.0,-1,-12
64,3,R,D,1.0,-1,1
65,3,R,D,1.0,-1,1
66,3,L,U,1.0,-1,6
67,3,L,U,1.0,-2,3
68,3,L,U,1.0,-2,0
69,3,L,U,1.0,-1,-2
70,3,L,U,1.0,0,1
71,3,L,U,1.0,0,-1
72,3,L,U,1.0,0,-1
73,3,L,U,1.0,0,0
74,3,L,U,1.0,0,3
75,3,L,U,1.0,0,1
76,3,L,U,1.0,0,1
77,3,L,U,1.0,0,1
78,3,L,U,1.0,0,1
79,3,L,U,1.0,0,2
80,3,L,U,1.0,0,1
81,3,L,U,1.0,0,2
82,3,L,U,1.0,0,2
83,3,L,U,1.0,0,-1
84,3,L,U,1.0,1,-2
85,3,L,U,1.0,1,-3
86,3,L,U,1.0,1,-2
87,3,L,U,1.0,0,-3
88,3,L,U,1.0,0,0
89,3,L,U,1.0,-1,1
90,3,L,U,1.0,0,2
91,3,L,U,1.0,0,2
92,3,L,U,1.0,-1,4
93,3,L,U,1.0,-1,3
94,3,L,U,1.0,1,4
95,3,L,U,1.0,0,1
96,3,L,U,1.0,0,-1
97,3,L,U,1.0,1,-1
98,3,L,U,1.0,1,1
99,3,L,U,1.0,-1,0
100,3,L,U,1.0,0,1
101,3,L,U,1.0,0,1
102,3,L,U,1.0,0,1
103,3,L,U,1.0,0,0
104,3,L,U,1.0,0,0
105,3,L,U,1.0,0,0
106,3,L,U,1.0,0,1
107,3,L,U,1.0,0,2
108,3,L,U,1.0,1,0
109,3,L,U,1.0,1,0
110,3,L,U,1.0,1,4
111,3,L,U,1.0,-2,-4
112,3,L,U,1.0,-2,-8
113,3,L,U,1.0,-2,-8
114,3,L,U,1.0,-1,-5
115,3,L,U,1.0,-1,9
116,3,L,U,1.0,0,11
117,3,L,U,1.0,-1,12
118,3,L,U,1.0,0,10
119,3,L,U,1.0,0,6
120,3,L,U,1.0,0,2
121,3,L,U,1.0,0,4
122,3,L,U,1.0,0,3
123,3,L,U,1.0,0,3
124,3,L,U,1.0,0,2
125,3,L,U,1.0,0,1
126,3,L,U,1.0,0,-1
127,3,L,U,1.0,0,0
128,3,L,U,1.0,-1,-2
129,3,L,U,1.0,0,-4
130,3,L,U,1.0,-1,-26
131,3,L,U,1.0,-1,-19
132,3,L,U,1.0,0,-19
133,3,L,U,1.0,0,-14
134,3,L,U,1.0,-1,-5
135,3,L,U,1.0,0,0
136,3,L,U,1.0,0,-2
137,3,L,U,1.0,0,7
138,3,L,U,1.0,0,3
139,3,L,U,1.0,0,0
140,3,L,U,1.0,0,0
141,3,L,U,1.0,0,0
142,3,L,U,1.0,0,-2
143,3,L,U,1.0,0,3
144,3,L,U,1.0,0,0
145,3,L,U,1.0,0,2
146,3,L,U,1.0,0,-2
147,3,L,U,1.0,0,7
148,3,L,U,1.0,0,0
149,3,L,U,1.0,0,5
150,3,L,U,1.0,0,5
151,3,L,U,1.0,0,3
152,3,L,U,1.0,-1,1
153,3,L,U,1.0,0,1
154,3,L,U,1.0,0,-1
155,3,L,U,1.0,0,-1
156,3,L,U,1.0,0,-5
157,3,L,U,1.0,0,-1
158,3,L,U,1.0,0,1
159,3,L,U,1.0,1,26
160,3,L,U,1.0,0,-3
161,3,L,U,1.0,0,23
163,3,L,U,1.0,1,16
164,3,L,U,1.0,0,11
165,3,L,U,1.0,1,6
166,3,L,U,1.0,1,6
167,3,L,U,1.0,0,-1
168,3,L,U,1.0,-1,1
169,3,L,U,1.0,0,-4
170,3,L,U,1.0,0,1
171,3,L,U,1.0,0,-2
172,3,L,U,1.0,0,2
173,3,L,U,1.0,0,2
174,3,L,U,1.0,0,1
175,3,L,U,1.0,0,3
176,3,L,U,1.0,0,1
177,3,L,U,1.0,-1,-5
178,3,L,U,1.0,-1,-2
180,3,L,U,1.0,0,-4
182,3,L,U,1.0,0,4
183,3,L,U,1.0,0,-2
184,3,L,U,1.0,0,-2
185,3,L,U,1.0,-1,0
186,3,L,U,1.0,0,3
187,3,L,U,1.0,0,-1
188,3,L,U,1.0,0,1
189,3,L,U,1.0,0,4
190,3,L,U,1.0,0,2
192,3,L,U,1.0,0,4
193,3,L,U,1.0,-1,1
194,3,L,U,1.0,0,-2
195,3,L,U,1.0,0,-2
196,3,L,U,1.0,-1,3
197,3,L,U,1.0,0,-1
198,3,L,U,1.0,-1,3
199,3,L,U,1.0,-1,0
200,3,L,U,1.0,1,1
201,3,L,U,1.0,0,0
202,3,L,U,1.0,-1,-1
0,4,R,D,0.72,-1,1
1,4,R,D,0.72,1,-1
2,4,R,U,0.72,1,-2
3,4,L,D,0.72,0,3
4,4,R,U,0.72,1,0
5,4,L,D,0.72,-1,1
6,4,R,D,0.72,0,1
7,4,R,D,0.72,0,-4
8,4,L,D,0.72,1,-1
9,4,L,D,0.72,1,0
10,4,L,D,0.72,0,-1
11,4,R,D,0.72,0,0
12,4,R,U,0.72,2,-2
13,4,L,U,0.72,2,0
14,4,L,D,0.72,1,-5
15,4,R,D,0.72,-2,1
16,4,R,D,0.72,-2,1
17,4,L,U,0.72,-1,2
18,4,L,U,0.72,0,2
19,4,L,U,0.72,-1,-5
20,4,R,D,0.72,0,-3
21,4,R,U,0.72,0,2
22,4,L,U,0.72,-1,1
23,4,L,U,0.72,0,4
24,4,L,D,0.72,0,4
25,4,R,U,0.72,0,-3
26,4,R,U,0.72,-1,-5
27,4,L,U,0.72,1,-3
28,4,L,U,0.72,0,2
29,4,R,U,0.72,-1,2
30,4,L,D,0.72,1,3
31,4,L,U,0.72,1,5
32,4,R,U,0.72,0,-6
33,4,R,U,0.72,0,-6
34,4,R,D,0.72,0,-6
35,4,R,U,0.72,-2,-7
36,4,R,D,0.72,1,-3
37,4,L,U,0.72,1,1
38,4,L,U,0.72,1,5
39,4,L,U,0.72,0,3
40,4,L,U,0.72,1,6
41,4,L,D,0.72,0,-2
42,4,L,U,0.72,0,-3
43,4,R,U,0.72,0,2
44,4,L,D,0.72,0,-2
45,4,R,U,0.72,0,2
46,4,R,U,0.72,1,-6
47,4,R,D,0.72,0,-10
48,4,R,U,0.72,-2,-2
49,4,L,D,0.72,1,-2
50,4,L,D,0.72,0,-1
51,4,R,U,0.72,1,3
52,4,R,U,0.72,0,1
53,4,R,U,0.72,-1,0
54,4,R,D,0.72,1,4
55,4,L,D,0.72,0,4
56,4,R,D,0.72,0,-1
57,4,L,D,0.72,0,4
58,4,L,D,0.72,1,-7
59,4,L,D,0.72,1,-4
60,4,L,U,0.72,2,1
61,4,L,U,0.72,1,-2
62,4,R,D,0.72,1,-6
63,4,R,D,0.72,0,3
64,4,R,D,0.72,-1,9
65,4,R,D,0.72,0,9
66,4,R,D,0.72,-1,8
67,4,R,D,0.72,0,6
68,4,L,U,0.72,-1,-1
69,4,R,D,0.72,0,-2
70,4,L,U,0.72,-1,-15
71,4,R,D,0.72,2,-2
72,4,L,U,0.72,0,4
73,4,L,U,0.72,-1,6
74,4,L,U,0.72,0,2
75,4,L,U,0.72,1,1
76,4,L,U,0.72,0,1
77,4,L,U,0.72,0,-14
78,4,L,U,0.72,0,2
79,4,R,D,0.72,2,-8
80,4,R,D,0.72,-1,-2
81,4,R,D,0.72,1,-1
82,4,R,D,0.72,0,4
83,4,R,D,0.72,1,8
84,4,R,D,0.72,0,3
85,4,L,U,0.72,0,-4
86,4,L,U,0.72,2,1
87,4,L,U,0.72,-1,4
88,4,R,D,0.72,1,0
89,4,R,D,0.72,1,-3
91,4,R,D,0.72,0,-3
92,4,R,U,0.72,1,0
93,4,L,D,0.72,1,-5
94,4,R,U,0.72,0,-18
95,4,L,D,0.72,-2,6
96,4,L,D,0.72,0,5
97,4,L,D,0.72,0,1
98,4,R,U,0.72,0,0
99,4,L,D,0.72,1,0
100,4,L,D,0.72,0,-4
101,4,R,U,0.72,-1,2
102,4,R,U,0.72,-1,-2
103,4,R,U,0.72,0,-1
104,4,L,U,0.72,2,-8
105,4,L,U,0.72,0,0
106,4,L,U,0.72,1,-2
107,4,L,U,0.72,1,1
108,4,L,U,0.72,1,6
109,4,R,D,0.72,1,4
110,4,L,U,0.72,1,-4
111,4,L,U,0.72,-1,-3
112,4,L,U,0.72,1,0
113,4,L,U,0.72,-1,2
114,4,L,U,0.72,-1,-3
115,4,L,U,0.72,0,0
116,4,L,U,0.72,-2,0
117,4,L,U,0.72,-2,-3
118,4,L,U,0.72,-1,0
119,4,L,U,0.72,-1,0
120,4,L,U,0.72,1,-8
121,4,L,U,0.72,2,-3
122,4,L,U,0.72,1,5
123,4,L,U,0.72,1,3
124,4,L,U,0.72,1,11
125,4,L,U,0.72,1,11
126,4,L,U,0.72,0,6
127,4,L,U,0.72,0,4
128,4,R,D,0.72,0,3
129,4,L,U,0.72,1,-5
130,4,L,U,0.72,1,2
131,4,L,U,0.72,-2,3
132,4,L,U,0.72,-2,2
133,4,L,U,0.72,1,4
134,4,R,D,0.72,0,1
135,4,L,U,0.72,0,0
136,4,R,U,0.72,1,5
137,4,R,U,0.72,-1,-1
138,4,L,D,0.72,1,-1
139,4,L,D,0.72,2,0
140,4,L,D,0.72,0,1
141,4,L,D,0.72,0,6
142,4,L,D,0.72,-2,12
143,4,R,U,0.72,-1,-3
144,4,L,D,0.72,-2,-2
145,4,L,D,0.72,1,-1
146,4,R,U,0.72,0,-9
147,4,R,U,0.72,1,-7
148,4,R,U,0.72,-1,-3
149,4,R,U,0.72,-1,-2
150,4,R,U,0.72,1,4
151,4,R,U,0.72,2,6
152,4,R,U,0.72,1,-3
153,4,R,U,0.72,1,4
154,4,R,U,0.72,0,1
155,4,R,U,0.72,0,-4
156,4,R,U,0.72,-1,-6
158,4,R,U,0.72,1,-1
159,4,L,D,0.72,1,4
160,4,L,D,0.72,2,4
161,4,R,U,0.72,0,10
162,4,L,D,0.72,0,0
163,4,L,D,0.72,0,5
164,4,L,D,0.72,-1,-2
166,4,R,U,0.72,0,-3
167,4,R,U,0.72,-1,-6
168,4,R,U,0.72,-1,-3
169,4,R,U,0.72,1,-2
170,4,R,U,0.72,0,2
171,4,R,U,0.72,2,9
172,4,L,D,0.72,2,7
173,4,L,D,0.72,1,3
174,4,R,U,0.72,1,-13
175,4,R,U,0.72,0,11
176,4,R,U,0.72,0,0
177,4,R,U,0.72,0,1
178,4,R,U,0.72,0,2
179,4,R,U,0.72,1,12
180,4,R,U,0.72,1,-1
181,4,R,U,0.72,1,-7
182,4,R,U,0.72,-1,-1
183,4,R,U,0.72,1,-1
184,4,R,U,0.72,0,6
185,4,R,U,0.72,0,4
186,4,L,D,0.72,1,2
187,4,R,U,0.72,0,-1
188,4,L,D,0.72,1,2
189,4,L,D,0.72,2,-1
190,4,R,U,0.72,0,0
191,4,R,U,0.72,-1,1
192,4,R,U,0.72,4,10
193,4,R,U,0.72,-1,5
194,4,L,D,0.72,0,-5
195,4,L,D,0.72,1,22
196,4,L,D,0.72,-1,-2
197,4,R,U,0.72,-2,-6
198,4,R,U,0.72,0,-5
199,4,R,U,0.72,0,4
200,4,L,D,0.72,0,-2
201,4,R,U,0.72,0,-2
202,4,R,U,0.72,0,1
0,5,R,U,0.746031746031746,1,-1
1,5,R,U,0.746031746031746,-2,2
2,5,R,U,0.746031746031746,0,-4
3,5,L,D,0.746031746031746,0,6
4,5,L,U,0.746031746031746,0,0
5,5,L,U,0.746031746031746,-1,0
6,5,L,D,0.746031746031746,1,5
7,5,R,D,0.746031746031746,0,4
8,5,L,D,0.746031746031746,0,-2
9,5,R,D,0.746031746031746,1,4
10,5,R,D,0.746031746031746,2,1
11,5,L,U,0.746031746031746,-1,-7
12,5,R,D,0.746031746031746,0,-3
13,5,R,D,0.746031746031746,0,-6
14,5,R,U,0.746031746031746,-1,-1
15,5,R,U,0.746031746031746,-2,5
16,5,R,U,0.746031746031746,3,-2
17,5,L,D,0.746031746031746,0,-1
18,5,R,U,0.746031746031746,1,-4
19,5,R,U,0.746031746031746,-2,-5
20,5,R,U,0.746031746031746,1,1
21,5,R,U,0.746031746031746,-1,-2
22,5,L,D,0.746031746031746,-3,-5
23,5,R,D,0.746031746031746,-2,3
24,5,L,U,0.746031746031746,0,8
25,5,L,U,0.746031746031746,2,2
26,5,L,U,0.746031746031746,2,7
27,5,L,U,0.746031746031746,-2,1
28,5,R,D,0.746031746031746,0,-1
29,5,R,D,0.746031746031746,-1,-3
30,5,R,U,0.746031746031746,2,-6
31,5,L,U,0.746031746031746,1,-5
32,5,R,D,0.746031746031746,0,2
33,5,L,U,0.746031746031746,0,-1
34,5,L,D,0.746031746031746,0,2
35,5,L,U,0.746031746031746,0,1
36,5,R,U,0.746031746031746,-1,2
37,5,L,D,0.746031746031746,3,-1
38,5,L,D,0.746031746031746,0,-5
39,5,R,U,0.746031746031746,0,-2
40,5,R,U,0.746031746031746,2,-6
42,5,L,U,0.746031746031746,1,0
43,5,R,D,0.746031746031746,0,-4
44,5,L,D,0.746031746031746,1,1
45,5,R,U,0.746031746031746,-1,1
46,5,L,D,0.746031746031746,2,3
47,5,R,U,0.746031746031746,-1,2
48,5,L,D,0.746031746031746,2,-8
49,5,L,U,0.746031746031746,-2,3
51,5,L,U,0.746031746031746,-1,2
52,5,R,D,0.746031746031746,0,-6
53,5,R,D,0.746031746031746,-1,-1
54,5,R,D,0.746031746031746,0,-2
55,5,R,D,0.746031746031746,3,3
56,5,R,D,0.746031746031746,1,20
57,5,R,D,0.746031746031746,3,-5
58,5,R,D,0.746031746031746,0,-3
59,5,R,D,0.746031746031746,-1,-4
60,5,R,D,0.746031746031746,-2,2
61,5,R,D,0.746031746031746,-1,-5
62,5,L,U,0.746031746031746,2,3
63,5,R,D,0.746031746031746,-1,-10
64,5,R,D,0.746031746031746,0,1
65,5,R,D,0.746031746031746,-1,9
66,5,L,U,0.746031746031746,-1,-1
67,5,L,U,0.746031746031746,-2,10
68,5,R,D,0.746031746031746,2,-3
70,5,R,D,0.746031746031746,0,5
71,5,R,D,0.746031746031746,1,-5
72,5,R,D,0.746031746031746,0,-5
74,5,L,U,0.746031746031746,-2,7
75,5,R,D,0.746031746031746,0,2
76,5,L,U,0.746031746031746,-1,2
77,5,R,D,0.746031746031746,0,-4
78,5,L,U,0.746031746031746,1,-1
79,5,L,U,0.746031746031746,0,-6
80,5,L,U,0.746031746031746,-2,-3
81,5,L,U,0.746031746031746,-1,-1
82,5,R,D,0.746031746031746,0,5
85,5,L,U,0.746031746031746,-1,2
86,5,R,D,0.746031746031746,-1,3
87,5,L,U,0.746031746031746,1,-1
88,5,R,D,0.746031746031746,1,9
89,5,R,D,0.746031746031746,1,7
90,5,R,D,0.746031746031746,2,-11
91,5,L,U,0.746031746031746,-2,-11
92,5,R,D,0.746031746031746,-1,-7
93,5,R,D,0.746031746031746,0,-7
94,5,R,D,0.746031746031746,-2,-7
95,5,R,U,0.746031746031746,1,5
96,5,L,D,0.746031746031746,3,-4
97,5,R,U,0.746031746031746,1,-2
98,5,L,D,0.746031746031746,-1,3
99,5,R,U,0.746031746031746,0,4
100,5,R,U,0.746031746031746,0,2
101,5,L,D,0.746031746031746,-1,-1
102,5,L,D,0.746031746031746,-2,0
103,5,R,U,0.746031746031746,1,-1
105,5,R,U,0.746031746031746,0,3
106,5,L,D,0.746031746031746,0,-7
107,5,L,D,0.746031746031746,-1,6
108,5,L,U,0.746031746031746,0,-1
110,5,R,D,0.746031746031746,2,-8
111,5,R,D,0.746031746031746,-1,3
112,5,L,U,0.746031746031746,-1,-1
113,5,R,D,0.746031746031746,0,1
114,5,R,D,0.746031746031746,0,2
115,5,R,D,0.746031746031746,-1,-7
116,5,R,U,0.746031746031746,0,3
117,5,L,D,0.746031746031746,1,2
118,5,R,U,0.746031746031746,2,-1
119,5,R,U,0.746031746031746,-1,3
120,5,L,D,0.746031746031746,1,-4
121,5,R,U,0.746031746031746,0,-5
122,5,L,D,0.746031746031746,0,-6
123,5,R,U,0.746031746031746,1,0
124,5,R,U,0.746031746031746,1,1
125,5,R,U,0.746031746031746,-3,3
126,5,R,U,0.746031746031746,0,2
128,5,L,D,0.746031746031746,-1,4
129,5,L,U,0.746031746031746,-1,2
130,5,L,U,0.746031746031746,1,2
131,5,L,U,0.746031746031746,2,2
132,5,L,U,0.746031746031746,1,1
133,5,L,U,0.746031746031746,1,0
134,5,L,U,0.746031746031746,0,4
135,5,L,U,0.746031746031746,0,-2
136,5,L,U,0.746031746031746,0,-2
137,5,L,U,0.746031746031746,-1,0
138,5,L,U,0.746031746031746,-2,1
139,5,L,U,0.746031746031746,0,0
140,5,L,U,0.746031746031746,0,2
141,5,L,U,0.746031746031746,-1,0
142,5,L,U,0.746031746031746,0,-1
143,5,L,U,0.746031746031746,0,2
144,5,L,U,0.746031746031746,0,-4
145,5,L,U,0.746031746031746,0,2
146,5,L,U,0.746031746031746,0,0
147,5,L,U,0.746031746031746,0,-1
148,5,L,U,0.746031746031746,0,0
149,5,L,U,0.746031746031746,-2,2
150,5,L,U,0.746031746031746,-1,-2
151,5,L,U,0.746031746031746,0,-2
152,5,L,U,0.746031746031746,0,4
153,5,L,U,0.746031746031746,2,-2
154,5,L,U,0.746031746031746,0,-2
155,5,L,U,0.746031746031746,0,-1
156,5,L,U,0.746031746031746,0,7
157,5,R,D,0.746031746031746,-1,0
158,5,R,D,0.746031746031746,0,0
159,5,R,D,0.746031746031746,1,0
160,5,R,D,0.746031746031746,1,1
161,5,L,U,0.746031746031746,1,1
162,5,R,D,0.746031746031746,0,7
163,5,R,D,0.746031746031746,-2,-5
164,5,R,D,0.746031746031746,-2,-4
165,5,R,D,0.746031746031746,-1,1
166,5,R,D,0.746031746031746,0,-1
167,5,R,D,0.746031746031746,0,-4
168,5,R,D,0.746031746031746,1,-1
171,5,R,D,0.746031746031746,0,-4
172,5,R,D,0.746031746031746,-1,-1
173,5,R,D,0.746031746031746,1,-4
174,5,R,D,0.746031746031746,2,1
176,5,R,D,0.746031746031746,3,7
177,5,R,D,0.746031746031746,1,-2
179,5,R,D,0.746031746031746,-2,6
180,5,R,D,0.746031746031746,-2,-3
182,5,R,D,0.746031746031746,0,2
183,5,R,D,0.746031746031746,1,-8
184,5,R,D,0.746031746031746,-1,3
185,5,R,D,0.746031746031746,-1,-1
186,5,L,U,0.746031746031746,-3,-1
187,5,L,U,0.746031746031746,0,-1
188,5,L,U,0.746031746031746,2,-1
189,5,L,D,0.746031746031746,0,-2
190,5,R,U,0.746031746031746,-1,-2
191,5,R,U,0.746031746031746,2,5
192,5,L,D,0.746031746031746,-2,6
193,5,L,D,0.746031746031746,1,4
194,5,L,D,0.746031746031746,0,1
195,5,L,D,0.746031746031746,0,2
196,5,L,D,0.746031746031746,-1,-9
197,5,R,U,0.746031746031746,0,0
198,5,L,D,0.746031746031746,3,-6
199,5,R,U,0.746031746031746,-1,1
200,5,R,U,0.746031746031746,2,0
201,5,L,D,0.746031746031746,-1,5
202,5,L,D,0.746031746031746,-1,5
11,6,L,D,0.96875,-5,-3
12,6,L,U,0.96875,1,4
13,6,R,U,0.96875,1,2
14,6,R,D,0.96875,2,1
15,6,R,D,0.96875,0,-6
16,6,L,D,0.96875,1,-4
17,6,L,U,0.96875,0,0
18,6,L,U,0.96875,1,1
19,6,L,U,0.96875,-1,-2
20,6,L,U,0.96875,0,1
21,6,L,U,0.96875,0,-1
22,6,R,D,0.96875,0,1
23,6,L,D,0.96875,-1,1
24,6,R,D,0.96875,-1,-4
25,6,R,U,0.96875,0,-3
26,6,L,U,0.96875,1,-7
27,6,R,U,0.96875,-1,0
28,6,R,D,0.96875,1,0
29,6,R,U,0.96875,0,3
30,6,L,D,0.96875,0,3
31,6,R,U,0.96875,0,-7
32,6,R,D,0.96875,0,-6
33,6,L,U,0.96875,-1,0
34,6,R,U,0.96875,0,2
35,6,R,U,0.96875,0,1
36,6,L,D,0.96875,-1,-3
37,6,L,U,0.96875,1,5
38,6,L,D,0.96875,1,-1
39,6,R,D,0.96875,0,-5
40,6,R,D,0.96875,0,-1
41,6,L,D,0.96875,0,-2
42,6,L,U,0.96875,0,3
43,6,R,D,0.96875,0,0
44,6,L,D,0.96875,1,6
45,6,L,D,0.96875,-1,1
46,6,R,U,0.96875,1,-1
47,6,R,U,0.96875,0,-5
48,6,R,U,0.96875,-1,-4
49,6,L,D,0.96875,-2,-6
50,6,L,D,0.96875,3,0
51,6,L,D,0.96875,1,-4
52,6,L,D,0.96875,0,-2
53,6,L,D,0.96875,-1,-3
54,6,R,D,0.96875,2,1
55,6,R,U,0.96875,0,7
56,6,L,D,0.96875,1,7
57,6,L,D,0.96875,-1,3
58,6,R,D,0.96875,2,-9
59,6,R,U,0.96875,0,-2
60,6,L,D,0.96875,2,-7
61,6,R,U,0.96875,0,-3
62,6,R,D,0.96875,2,1
63,6,R,D,0.96875,1,-7
64,6,L,U,0.96875,-1,-8
65,6,R,D,0.96875,-2,3
66,6,R,D,0.96875,-1,5
67,6,L,U,0.96875,0,-2
68,6,R,D,0.96875,0,7
69,6,L,U,0.96875,0,1
70,6,L,D,0.96875,3,-3
71,6,R,D,0.96875,2,-3
72,6,R,D,0.96875,0,-2
73,6,L,D,0.96875,1,-5
74,6,R,D,0.96875,-1,1
75,6,R,U,0.96875,0,-4
76,6,L,D,0.96875,1,-2
77,6,L,U,0.96875,0,1
78,6,R,D,0.96875,0,-3
79,6,R,D,0.96875,-1,5
80,6,R,D,0.96875,1,-7
81,6,L,U,0.96875,1,0
82,6,R,D,0.96875,1,5
83,6,L,U,0.96875,1,0
84,6,R,D,0.96875,0,0
85,6,L,U,0.96875,-1,-3
86,6,R,D,0.96875,-3,-9
87,6,R,D,0.96875,-4,-3
88,6,R,D,0.96875,-1,-2
89,6,R,D,0.96875,2,6
90,6,L,U,0.96875,2,-3
91,6,L,U,0.96875,3,3
92,6,L,U,0.96875,1,7
93,6,R,D,0.96875,0,0
94,6,L,U,0.96875,1,0
95,6,R,D,0.96875,1,-9
96,6,L,U,0.96875,1,-2
97,6,R,D,0.96875,0,-2
98,6,L,U,0.96875,-2,5
99,6,R,D,0.96875,0,9
100,6,R,D,0.96875,0,3
102,6,L,U,0.96875,0,3
103,6,L,U,0.96875,-1,-5
104,6,R,D,0.96875,0,0
105,6,R,D,0.96875,0,-4
106,6,R,D,0.96875,1,6
107,6,R,D,0.96875,0,1
108,6,L,U,0.96875,1,0
109,6,L,U,0.96875,-1,1
110,6,L,U,0.96875,-1,1
111,6,L,U,0.96875,0,-3
112,6,R,D,0.96875,-1,-3
113,6,L,U,0.96875,0,-1
114,6,L,U,0.96875,0,-3
115,6,R,D,0.96875,0,-3
116,6,R,D,0.96875,1,2
117,6,L,U,0.96875,1,4
118,6,R,D,0.96875,1,1
119,6,R,D,0.96875,0,2
120,6,R,D,0.96875,0,-4
121,6,R,D,0.96875,1,1
123,6,R,D,0.96875,0,0
124,6,L,U,0.96875,-1,5
125,6,L,U,0.96875,-1,3
126,6,L,U,0.96875,0,-2
127,6,L,U,0.96875,-1,0
128,6,L,D,0.96875,1,-2
129,6,R,U,0.96875,-2,7
130,6,L,D,0.96875,1,10
131,6,L,D,0.96875,0,21
132,6,L,D,0.96875,0,8
133,6,L,D,0.96875,0,7
134,6,L,D,0.96875,0,5
135,6,L,D,0.96875,1,2
136,6,L,D,0.96875,2,-1
137,6,L,D,0.96875,0,-3
138,6,L,D,0.96875,0,-3
139,6,L,D,0.96875,0,-11
140,6,L,D,0.96875,0,-13
141,6,L,D,0.96875,0,-8
142,6,L,D,0.96875,0,-6
143,6,L,D,0.96875,1,-4
144,6,L,D,0.96875,0,-1
145,6,L,D,0.96875,0,-3
146,6,L,D,0.96875,0,-2
147,6,L,D,0.96875,0,-1
148,6,L,D,0.96875,1,-2
149,6,L,D,0.96875,1,-2
150,6,L,D,0.96875,1,-1
151,6,L,D,0.96875,-1,0
152,6,L,D,0.96875,0,0
153,6,L,D,0.96875,0,1
154,6,L,D,0.96875,0,0
155,6,L,D,0.96875,0,1
156,6,L,D,0.96875,0,3
157,6,L,D,0.96875,0,1
158,6,L,D,0.96875,1,0
159,6,L,D,0.96875,0,-1
160,6,L,D,0.96875,0,-2
161,6,L,D,0.96875,0,1
162,6,L,D,0.96875,0,2
163,6,L,D,0.96875,0,3
164,6,L,D,0.96875,0,1
165,6,L,D,0.96875,0,3
166,6,L,D,0.96875,0,-2
167,6,L,D,0.96875,0,-1
168,6,L,D,0.96875,0,0
169,6,L,D,0.96875,0,1
170,6,L,D,0.96875,0,3
171,6,L,D,0.96875,0,2
172,6,L,D,0.96875,0,2
173,6,L,D,0.96875,0,0
174,6,L,D,0.96875,0,1
175,6,L,D,0.96875,0,-1
176,6,L,D,0.96875,0,1
177,6,L,D,0.96875,0,-1
178,6,L,D,0.96875,0,1
179,6,L,D,0.96875,0,0
180,6,L,D,0.96875,0,-1
181,6,L,D,0.96875,0,-1
182,6,L,D,0.96875,0,-1
183,6,L,D,0.96875,0,-3
184,6,L,D,0.96875,0,-1
185,6,L,D,0.96875,0,-1
186,6,L,D,0.96875,0,-2
187,6,L,D,0.96875,0,-1
188,6,L,D,0.96875,0,-2
189,6,L,D,0.96875,0,-3
190,6,L,D,0.96875,0,0
191,6,L,D,0.96875,0,-1
192,6,L,D,0.96875,0,-2
193,6,L,D,0.96875,0,-1
194,6,L,D,0.96875,0,-2
195,6,L,D,0.96875,0,-1
196,6,L,D,0.96875,0,-2
197,6,L,D,0.96875,0,0
198,6,L,D,0.96875,0,0
199,6,L,D,0.96875,0,1
200,6,L,D,0.96875,0,1
201,6,L,D,0.96875,0,1
202,6,L,D,0.96875,0,-2
13,7,L,U,1.0,1,-1
14,7,R,U,1.0,1,-1
15,7,L,D,1.0,1,-6
16,7,R,U,1.0,0,6
18,7,L,U,1.0,1,0
19,7,L,U,1.0,0,2
20,7,R,U,1.0,1,2
21,7,L,D,1.0,-1,-4
22,7,R,D,1.0,0,3
23,7,L,D,1.0,0,-1
24,7,R,D,1.0,-1,-4
25,7,L,U,1.0,0,-4
26,7,R,U,1.0,0,1
27,7,L,U,1.0,0,-4
28,7,R,D,1.0,0,-1
29,7,R,U,1.0,0,0
30,7,L,D,1.0,0,0
31,7,R,D,1.0,-1,-2
32,7,R,D,1.0,0,-5
33,7,L,D,1.0,0,-3
34,7,L,U,1.0,-1,2
35,7,R,D,1.0,-1,-6
36,7,R,U,1.0,1,-5
37,7,R,U,1.0,0,-7
38,7,R,D,1.0,-1,-1
39,7,L,U,1.0,0,2
40,7,L,D,1.0,-1,5
41,7,R,U,1.0,1,0
42,7,R,D,1.0,0,-3
43,7,R,D,1.0,-1,-5
44,7,R,D,1.0,-1,-1
45,7,R,D,1.0,-1,-6
46,7,R,D,1.0,-2,-2
47,7,L,U,1.0,1,2
48,7,R,D,1.0,1,0
49,7,L,U,1.0,0,1
50,7,R,D,1.0,-2,-2
51,7,R,U,1.0,-2,-3
52,7,L,D,1.0,0,-7
53,7,L,D,1.0,0,3
54,7,R,D,1.0,1,-5
55,7,R,D,1.0,2,0
56,7,L,U,1.0,-1,0
57,7,L,U,1.0,1,-2
58,7,L,D,1.0,-1,0
60,7,R,D,1.0,2,0
61,7,L,U,1.0,0,-7
62,7,R,D,1.0,2,-9
63,7,R,U,1.0,0,-3
64,7,R,U,1.0,0,3
65,7,L,D,1.0,-1,1
66,7,R,U,1.0,1,-9
67,7,L,D,1.0,-1,-1
68,7,R,U,1.0,0,-2
69,7,R,U,1.0,-1,0
70,7,R,U,1.0,1,-2
71,7,R,U,1.0,0,2
72,7,R,U,1.0,1,-15
73,7,R,U,1.0,-2,5
74,7,R,D,1.0,1,-11
75,7,L,U,1.0,0,6
76,7,R,D,1.0,-1,0
77,7,R,D,1.0,0,2
78,7,R,D,1.0,0,1
79,7,L,U,1.0,0,-2
80,7,L,U,1.0,0,1
81,7,R,U,1.0,1,-4
82,7,R,U,1.0,1,-6
83,7,L,D,1.0,-3,-1
84,7,R,U,1.0,0,11
85,7,L,D,1.0,2,-22
86,7,L,D,1.0,-1,5
87,7,L,D,1.0,0,6
88,7,L,D,1.0,0,2
89,7,L,D,1.0,1,6
90,7,R,U,1.0,1,-4
91,7,L,D,1.0,2,-1
92,7,L,D,1.0,-1,2
93,7,L,D,1.0,0,12
94,7,L,D,1.0,0,3
95,7,R,U,1.0,0,13
96,7,R,U,1.0,2,2
97,7,R,U,1.0,1,16
98,7,L,D,1.0,1,7
99,7,R,U,1.0,1,5
100,7,L,D,1.0,2,-1
101,7,R,D,1.0,3,-6
102,7,R,D,1.0,2,-2
103,7,R,D,1.0,-2,-15
104,7,R,D,1.0,-2,2
105,7,R,D,1.0,-1,-5
106,7,L,D,1.0,-2,4
107,7,L,U,1.0,-1,2
108,7,R,D,1.0,1,14
109,7,R,D,1.0,0,-1
110,7,R,D,1.0,1,3
111,7,L,D,1.0,1,-1
112,7,R,U,1.0,1,3
113,7,R,U,1.0,0,-5
114,7,L,D,1.0,-1,3
115,7,L,D,1.0,0,-3
116,7,L,D,1.0,-1,1
117,7,L,D,1.0,-1,8
118,7,R,U,1.0,0,1
119,7,R,U,1.0,2,1
120,7,R,U,1.0,0,10
121,7,R,U,1.0,1,-4
122,7,L,D,1.0,1,-6
123,7,L,D,1.0,-1,-10
124,7,R,U,1.0,-1,-12
125,7,R,U,1.0,-2,2
126,7,R,U,1.0,-2,0
127,7,R,U,1.0,-1,-2
128,7,R,U,1.0,-1,-12
129,7,R,U,1.0,0,-3
130,7,L,D,1.0,0,22
131,7,L,D,1.0,-1,24
132,7,R,U,1.0,0,-1
133,7,L,D,1.0,-1,13
134,7,L,D,1.0,1,-1
135,7,R,U,1.0,0,7
136,7,R,U,1.0,0,6
137,7,R,U,1.0,-1,1
138,7,L,D,1.0,-1,-2
139,7,L,D,1.0,-1,-6
140,7,L,D,1.0,0,5
141,7,R,U,1.0,0,-1
142,7,L,D,1.0,1,6
143,7,L,D,1.0,0,-3
144,7,R,U,1.0,-2,-1
145,7,R,U,1.0,-1,14
146,7,R,D,1.0,0,0
147,7,R,U,1.0,1,-12
148,7,R,U,1.0,0,-8
149,7,L,D,1.0,-1,-6
150,7,L,D,1.0,-1,-3
151,7,R,U,1.0,-2,4
152,7,L,D,1.0,0,4
153,7,R,U,1.0,0,0
154,7,R,U,1.0,-1,-1
155,7,R,U,1.0,-1,-6
156,7,R,U,1.0,0,-1
157,7,R,U,1.0,0,-6
158,7,R,U,1.0,1,-4
159,7,R,U,1.0,0,-4
160,7,R,U,1.0,-1,0
161,7,R,U,1.0,0,-5
162,7,L,D,1.0,1,7
163,7,R,D,1.0,1,-7
164,7,R,D,1.0,2,-10
165,7,R,D,1.0,0,-3
166,7,R,U,1.0,0,-3
167,7,R,U,1.0,-1,-13
168,7,L,U,1.0,1,-3
169,7,L,U,1.0,0,-3
170,7,L,U,1.0,-1,-3
171,7,R,D,1.0,1,-1
172,7,L,U,1.0,0,-17
173,7,R,U,1.0,-1,-6
174,7,R,U,1.0,-1,-4
175,7,L,D,1.0,-1,-8
176,7,R,U,1.0,-2,-5
177,7,R,U,1.0,-1,6
178,7,R,U,1.0,0,6
179,7,L,D,1.0,1,-6
180,7,R,U,1.0,1,0
181,7,R,U,1.0,0,5
182,7,L,D,1.0,0,7
183,7,L,D,1.0,0,8
184,7,R,U,1.0,0,1
185,7,R,U,1.0,-1,-14
186,7,R,U,1.0,0,0
187,7,R,U,1.0,-1,-2
188,7,R,U,1.0,-1,-1
189,7,L,D,1.0,2,-3
190,7,L,D,1.0,0,5
191,7,L,D,1.0,1,21
193,7,L,D,1.0,-1,11
194,7,L,D,1.0,1,-2
195,7,R,U,1.0,0,8
196,7,R,U,1.0,0,-15
197,7,R,U,1.0,-1,-35
198,7,R,U,1.0,-1,-3
199,7,R,U,1.0,0,18
200,7,R,U,1.0,0,15
201,7,R,U,1.0,-1,10
202,7,R,U,1.0,1,7
12,8,L,D,0.8064516129032258,0,-5
13,8,L,U,0.8064516129032258,0,4
14,8,L,D,0.8064516129032258,0,1
15,8,R,U,0.8064516129032258,-1,-1
16,8,L,D,0.8064516129032258,-1,3
17,8,R,U,0.8064516129032258,0,-9
18,8,L,D,0.8064516129032258,1,-3
19,8,R,D,0.8064516129032258,2,-2
20,8,L,D,0.8064516129032258,-1,3
21,8,R,U,0.8064516129032258,-1,-5
22,8,R,D,0.8064516129032258,-1,-2
23,8,R,D,0.8064516129032258,2,-5
24,8,R,D,0.8064516129032258,1,5
25,8,R,U,0.8064516129032258,2,2
26,8,R,D,0.8064516129032258,0,4
28,8,R,D,0.8064516129032258,-1,-7
29,8,R,D,0.8064516129032258,0,1
30,8,L,U,0.8064516129032258,-2,0
31,8,L,U,0.8064516129032258,0,5
32,8,L,D,0.8064516129032258,0,-2
33,8,R,U,0.8064516129032258,3,1
34,8,L,D,0.8064516129032258,0,1
35,8,R,D,0.8064516129032258,1,-4
36,8,R,D,0.8064516129032258,-2,0
37,8,R,D,0.8064516129032258,2,0
38,8,R,U,0.8064516129032258,0,-5
39,8,R,U,0.8064516129032258,0,-4
41,8,L,D,0.8064516129032258,0,3
42,8,R,U,0.8064516129032258,0,5
43,8,L,U,0.8064516129032258,2,1
44,8,L,U,0.8064516129032258,0,-3
45,8,L,D,0.8064516129032258,1,1
46,8,R,D,0.8064516129032258,-1,-1
47,8,L,D,0.8064516129032258,0,-6
48,8,L,U,0.8064516129032258,-2,4
49,8,L,U,0.8064516129032258,-2,3
50,8,L,U,0.8064516129032258,2,1
51,8,R,D,0.8064516129032258,0,1
52,8,R,D,0.8064516129032258,2,0
53,8,R,D,0.8064516129032258,0,1
54,8,R,U,0.8064516129032258,-2,0
55,8,L,D,0.8064516129032258,1,4
56,8,L,U,0.8064516129032258,1,1
57,8,L,D,0.8064516129032258,0,-3
58,8,R,U,0.8064516129032258,2,-3
59,8,R,D,0.8064516129032258,-1,-3
60,8,L,U,0.8064516129032258,0,1
61,8,L,U,0.8064516129032258,-1,-3
63,8,L,D,0.8064516129032258,2,-3
64,8,L,D,0.8064516129032258,0,-4
65,8,L,D,0.8064516129032258,-1,2
66,8,L,D,0.8064516129032258,0,3
67,8,R,D,0.8064516129032258,2,5
68,8,L,D,0.8064516129032258,0,4
69,8,L,D,0.8064516129032258,2,4
70,8,R,U,0.8064516129032258,1,-2
71,8,L,D,0.8064516129032258,0,-7
72,8,R,U,0.8064516129032258,-1,-3
73,8,R,U,0.8064516129032258,1,-6
74,8,L,D,0.8064516129032258,-2,4
75,8,L,D,0.8064516129032258,2,4
76,8,L,D,0.8064516129032258,2,5
77,8,R,D,0.8064516129032258,1,-7
78,8,L,U,0.8064516129032258,-4,1
79,8,R,D,0.8064516129032258,2,-7
80,8,L,U,0.8064516129032258,1,-3
81,8,L,U,0.8064516129032258,-2,3
82,8,R,U,0.8064516129032258,-1,3
83,8,R,D,0.8064516129032258,1,-3
84,8,L,U,0.8064516129032258,0,-1
85,8,R,D,0.8064516129032258,0,-2
86,8,L,U,0.8064516129032258,0,0
87,8,L,U,0.8064516129032258,-1,0
88,8,L,D,0.8064516129032258,-1,6
89,8,L,U,0.8064516129032258,-1,-1
90,8,L,D,0.8064516129032258,0,2
91,8,R,D,0.8064516129032258,1,1
92,8,R,D,0.8064516129032258,1,8
93,8,L,D,0.8064516129032258,0,-2
94,8,R,U,0.8064516129032258,1,-2
95,8,R,U,0.8064516129032258,0,-12
96,8,L,D,0.8064516129032258,0,-4
97,8,R,U,0.8064516129032258,0,2
98,8,R,U,0.8064516129032258,0,9
99,8,L,D,0.8064516129032258,-1,9
100,8,L,D,0.8064516129032258,0,0
101,8,L,D,0.8064516129032258,1,3
102,8,R,U,0.8064516129032258,1,0
103,8,L,D,0.8064516129032258,2,6
104,8,L,D,0.8064516129032258,0,5
105,8,L,D,0.8064516129032258,0,7
106,8,R,U,0.8064516129032258,-2,-10
107,8,R,U,0.8064516129032258,-1,6
108,8,L,D,0.8064516129032258,3,5
109,8,R,U,0.8064516129032258,0,4
110,8,R,U,0.8064516129032258,0,5
111,8,L,D,0.8064516129032258,-1,-3
112,8,R,U,0.8064516129032258,2,0
113,8,R,U,0.8064516129032258,0,3
114,8,R,U,0.8064516129032258,0,-1
115,8,R,U,0.8064516129032258,0,1
116,8,L,D,0.8064516129032258,-1,2
117,8,L,D,0.8064516129032258,1,0
118,8,L,D,0.8064516129032258,2,-4
119,8,R,U,0.8064516129032258,0,3
120,8,L,D,0.8064516129032258,2,1
121,8,L,D,0.8064516129032258,0,-20
122,8,R,U,0.8064516129032258,0,0
123,8,L,D,0.8064516129032258,-1,6
124,8,R,U,0.8064516129032258,-1,5
125,8,R,U,0.8064516129032258,0,10
126,8,L,D,0.8064516129032258,-1,12
127,8,L,D,0.8064516129032258,-1,4
128,8,L,D,0.8064516129032258,1,4
129,8,R,U,0.8064516129032258,0,-4
130,8,L,D,0.8064516129032258,0,-10
131,8,L,D,0.8064516129032258,-1,-8
132,8,R,U,0.8064516129032258,0,-4
133,8,L,D,0.8064516129032258,1,6
134,8,R,U,0.8064516129032258,0,4
135,8,L,D,0.8064516129032258,1,2
136,8,R,U,0.8064516129032258,1,8
137,8,L,D,0.8064516129032258,-1,-1
138,8,L,D,0.8064516129032258,-1,-5
140,8,L,D,0.8064516129032258,1,4
141,8,L,D,0.8064516129032258,0,0
142,8,L,D,0.8064516129032258,1,-4
143,8,L,D,0.8064516129032258,2,-4
144,8,R,U,0.8064516129032258,-2,-4
145,8,L,D,0.8064516129032258,0,-3
146,8,L,D,0.8064516129032258,0,-3
147,8,L,D,0.8064516129032258,-2,1
148,8,L,D,0.8064516129032258,0,2
149,8,L,D,0.8064516129032258,1,0
150,8,L,D,0.8064516129032258,0,0
151,8,L,D,0.8064516129032258,0,0
152,8,L,D,0.8064516129032258,0,-1
153,8,L,D,0.8064516129032258,1,-6
154,8,L,D,0.8064516129032258,1,-1
155,8,L,D,0.8064516129032258,-1,-4
156,8,L,D,0.8064516129032258,-1,-1
157,8,L,D,0.8064516129032258,1,-10
158,8,L,D,0.8064516129032258,0,-2
159,8,L,D,0.8064516129032258,0,2
160,8,L,D,0.8064516129032258,0,5
161,8,L,D,0.8064516129032258,1,2
162,8,L,D,0.8064516129032258,0,-1
163,8,L,D,0.8064516129032258,0,1
164,8,L,D,0.8064516129032258,0,3
167,8,L,D,0.8064516129032258,-1,6
168,8,L,D,0.8064516129032258,0,1
169,8,L,D,0.8064516129032258,0,-1
170,8,L,D,0.8064516129032258,1,-3
171,8,L,D,0.8064516129032258,0,-4
172,8,L,U,0.8064516129032258,0,-9
173,8,L,U,0.8064516129032258,-2,9
174,8,L,U,0.8064516129032258,-1,4
175,8,L,U,0.8064516129032258,-1,-1
176,8,L,U,0.8064516129032258,1,5
177,8,L,U,0.8064516129032258,1,-5
178,8,L,U,0.8064516129032258,0,0
179,8,L,U,0.8064516129032258,-1,1
180,8,L,U,0.8064516129032258,0,1
181,8,L,U,0.8064516129032258,0,1
182,8,L,U,0.8064516129032258,1,-4
183,8,L,U,0.8064516129032258,1,-2
184,8,L,U,0.8064516129032258,1,1
185,8,L,U,0.8064516129032258,-1,-1
186,8,L,U,0.8064516129032258,1,-1
187,8,L,U,0.8064516129032258,-1,-2
188,8,L,U,0.8064516129032258,0,-6
189,8,L,U,0.8064516129032258,0,0
190,8,L,U,0.8064516129032258,-1,3
191,8,L,U,0.8064516129032258,-1,-1
193,8,L,U,0.8064516129032258,0,7
194,8,L,U,0.8064516129032258,0,-4
195,8,L,U,0.8064516129032258,1,-2
196,8,L,U,0.8064516129032258,0,5
197,8,L,U,0.8064516129032258,0,3
198,8,L,U,0.8064516129032258,0,2
199,8,L,U,0.8064516129032258,0,1
200,8,R,D,0.8064516129032258,0,2
201,8,R,D,0.8064516129032258,-1,-2
202,8,R,D,0.8064516129032258,1,7
120,9,L,U,0.88,1,4
121,9,R,U,0.88,0,0
130,9,R,U,0.88,-1,0
131,9,R,U,0.88,-1,-2
132,9,R,U,0.88,-2,-1
133,9,R,U,0.88,-1,0
134,9,R,U,0.88,-1,3
135,9,R,U,0.88,-1,0
136,9,R,U,0.88,-1,1
137,9,R,U,0.88,-1,0
138,9,R,U,0.88,0,0
139,9,R,U,0.88,0,0
140,9,R,U,0.88,1,0
141,9,R,U,0.88,0,0
142,9,R,U,0.88,0,0
143,9,R,U,0.88,1,-1
144,9,R,U,0.88,1,-1
145,9,R,U,0.88,0,-3
146,9,R,U,0.88,0,-1
147,9,R,U,0.88,0,0
148,9,R,U,0.88,1,0
149,9,R,U,0.88,0,1
150,9,R,U,0.88,0,3
151,9,R,U,0.88,0,1
152,9,R,U,0.88,0,2
153,9,R,U,0.88,0,3
154,9,R,U,0.88,0,1
155,9,R,U,0.88,0,2
156,9,R,U,0.88,0,3
157,9,R,U,0.88,0,1
158,9,R,U,0.88,0,2
159,9,R,U,0.88,0,2
160,9,R,U,0.88,0,2
161,9,R,U,0.88,1,2
162,9,R,U,0.88,1,1
163,9,R,U,0.88,1,3
164,9,R,U,0.88,0,3
165,9,R,U,0.88,-1,2
166,9,R,U,0.88,0,1
167,9,R,U,0.88,0,0
168,9,R,U,0.88,0,1
169,9,R,U,0.88,0,2
170,9,R,U,0.88,0,2
171,9,R,U,0.88,-1,2
172,9,R,U,0.88,0,3
173,9,R,U,0.88,-1,0
174,9,R,U,0.88,0,0
175,9,R,U,0.88,0,2
176,9,R,U,0.88,0,3
177,9,R,U,0.88,0,1
178,9,R,U,0.88,0,1
179,9,R,U,0.88,-1,0
180,9,R,U,0.88,0,1
181,9,R,U,0.88,0,2
182,9,R,U,0.88,0,1
183,9,R,U,0.88,0,2
184,9,R,U,0.88,0,2
185,9,R,U,0.88,-1,2
186,9,R,U,0.88,0,1
187,9,R,U,0.88,0,0
188,9,R,U,0.88,0,-1
189,9,R,U,0.88,0,2
190,9,R,U,0.88,0,2
191,9,R,U,0.88,0,-2
192,9,R,U,0.88,0,3
193,9,R,U,0.88,0,2
194,9,R,U,0.88,0,3
195,9,R,U,0.88,0,1
196,9,R,U,0.88,0,3
197,9,R,U,0.88,-1,0
198,9,R,U,0.88,0,-4
199,9,R,U,0.88,0,-1
200,9,R,U,0.88,0,-24
201,9,R,U,0.88,-1,-23
202,9,R,U,0.88,-1,-18
7,10,L,U,1.0,-1,-3
8,10,R,D,1.0,0,1
9,10,R,U,1.0,1,2
10,10,L,U,1.0,0,2
11,10,L,U,1.0,-1,1
12,10,R,U,1.0,-2,-1
13,10,R,U,1.0,1,-1
14,10,L,D,1.0,0,-2
15,10,L,D,1.0,0,0
16,10,R,D,1.0,0,-7
17,10,L,U,1.0,1,-4
18,10,R,D,1.0,1,-4
19,10,L,D,1.0,1,4
20,10,L,D,1.0,-1,1
21,10,R,U,1.0,-1,-3
22,10,L,U,1.0,-1,1
23,10,R,U,1.0,-1,0
24,10,L,D,1.0,1,-1
25,10,L,D,1.0,0,0
26,10,L,D,1.0,0,1
27,10,R,D,1.0,2,-1
28,10,L,U,1.0,1,1
29,10,R,D,1.0,1,-4
30,10,L,D,1.0,1,0
31,10,R,U,1.0,-2,-2
32,10,R,D,1.0,-1,-1
33,10,R,U,1.0,0,-3
34,10,R,D,1.0,-1,2
35,10,R,U,1.0,-2,6
36,10,R,U,1.0,0,-1
37,10,R,U,1.0,1,2
38,10,L,D,1.0,0,1
39,10,R,D,1.0,1,-2
40,10,R,D,1.0,-1,-4
41,10,R,D,1.0,-1,2
42,10,L,U,1.0,-2,1
43,10,R,D,1.0,0,3
44,10,R,D,1.0,0,2
45,10,R,D,1.0,3,-4
46,10,R,U,1.0,0,-4
47,10,L,U,1.0,1,-5
48,10,R,D,1.0,0,-4
49,10,R,U,1.0,0,1
50,10,R,D,1.0,-1,0
51,10,L,U,1.0,-3,5
52,10,L,U,1.0,0,4
53,10,R,U,1.0,1,-2
54,10,R,D,1.0,-1,-2
55,10,R,D,1.0,2,-8
56,10,L,D,1.0,2,1
57,10,L,D,1.0,-1,-6
58,10,R,D,1.0,1,-7
59,10,L,D,1.0,0,1
60,10,L,U,1.0,-1,3
61,10,L,U,1.0,0,5
62,10,R,U,1.0,2,4
63,10,R,U,1.0,-1,2
64,10,R,D,1.0,1,-5
65,10,L,U,1.0,-1,-8
66,10,R,D,1.0,1,1
67,10,L,U,1.0,0,-3
68,10,L,U,1.0,0,1
69,10,L,U,1.0,1,-1
70,10,L,U,1.0,0,-4
71,10,L,U,1.0,0,-7
72,10,R,D,1.0,1,-4
73,10,L,D,1.0,-1,-6
74,10,L,D,1.0,0,-4
75,10,L,D,1.0,1,4
76,10,L,D,1.0,0,2
77,10,R,U,1.0,1,6
78,10,L,U,1.0,2,-6
79,10,L,D,1.0,0,7
80,10,L,D,1.0,-1,1
81,10,L,D,1.0,1,-1
82,10,R,U,1.0,-1,6
83,10,L,U,1.0,1,-8
84,10,L,U,1.0,-1,-6
85,10,R,D,1.0,1,12
86,10,R,D,1.0,0,-2
87,10,L,U,1.0,1,0
88,10,L,U,1.0,1,5
89,10,R,D,1.0,0,0
90,10,R,D,1.0,-1,-6
91,10,L,U,1.0,2,-7
92,10,R,D,1.0,0,-12
93,10,R,D,1.0,1,-5
94,10,L,U,1.0,0,-2
95,10,L,U,1.0,-1,1
96,10,L,U,1.0,0,-8
97,10,R,D,1.0,1,4
98,10,R,D,1.0,2,-2
99,10,L,U,1.0,2,-4
100,10,L,U,1.0,1,6
101,10,L,U,1.0,0,-7
102,10,R,D,1.0,2,-8
103,10,L,U,1.0,0,14
104,10,L,U,1.0,1,5
105,10,L,U,1.0,-1,-10
106,10,L,U,1.0,1,-6
107,10,L,U,1.0,-1,-4
108,10,L,U,1.0,0,-11
109,10,L,U,1.0,-1,-4
110,10,L,U,1.0,0,5
111,10,L,U,1.0,-1,0
112,10,L,U,1.0,0,10
113,10,R,U,1.0,1,-8
114,10,L,D,1.0,0,5
115,10,R,U,1.0,0,9
116,10,L,D,1.0,1,-8
117,10,R,U,1.0,1,9
118,10,L,D,1.0,-1,6
119,10,R,U,1.0,0,-7
120,10,R,U,1.0,0,7
121,10,R,U,1.0,2,9
122,10,L,D,1.0,0,-8
123,10,R,U,1.0,0,-25
124,10,L,D,1.0,1,2
125,10,L,D,1.0,0,-4
126,10,L,D,1.0,-2,-26
127,10,R,U,1.0,0,8
128,10,L,D,1.0,0,2
130,10,R,U,1.0,-4,-20
131,10,R,U,1.0,-3,-9
132,10,L,D,1.0,-3,-1
133,10,R,U,1.0,-1,1
134,10,R,U,1.0,-3,0
135,10,L,D,1.0,-1,9
136,10,R,U,1.0,-4,7
137,10,L,D,1.0,-4,0
138,10,R,D,1.0,0,-6
139,10,R,D,1.0,0,-4
140,10,L,U,1.0,0,-1
141,10,L,D,1.0,1,-4
142,10,R,U,1.0,0,-12
143,10,R,D,1.0,0,-8
144,10,R,U,1.0,1,-3
145,10,R,D,1.0,1,0
146,10,R,D,1.0,0,0
147,10,R,U,1.0,1,3
148,10,R,U,1.0,-1,-4
149,10,R,D,1.0,0,-1
150,10,R,U,1.0,0,10
151,10,R,U,1.0,0,-1
152,10,R,D,1.0,0,14
153,10,R,U,1.0,0,-3
155,10,R,U,1.0,-3,14
156,10,L,D,1.0,-2,-5
158,10,R,U,1.0,-3,-31
159,10,L,D,1.0,0,2
160,10,L,D,1.0,0,11
161,10,R,U,1.0,-2,41
162,10,R,U,1.0,-2,-14
163,10,R,U,1.0,0,8
164,10,L,D,1.0,0,-11
165,10,L,D,1.0,0,-13
166,10,R,U,1.0,2,-15
167,10,R,U,1.0,-2,18
168,10,R,U,1.0,-2,2
169,10,R,U,1.0,-3,12
170,10,R,U,1.0,0,13
172,10,R,U,1.0,-2,7
173,10,R,U,1.0,-2,5
174,10,R,U,1.0,-2,-17
175,10,R,U,1.0,0,-12
178,10,L,D,1.0,0,10
179,10,L,D,1.0,0,29
180,10,R,U,1.0,0,-7
182,10,L,D,1.0,0,-3
183,10,R,U,1.0,0,10
186,10,R,U,1.0,-2,-7
187,10,R,U,1.0,0,5
188,10,R,U,1.0,-2,0
190,10,R,U,1.0,-2,-34
191,10,L,D,1.0,0,23
192,10,L,D,1.0,-2,31
194,10,R,U,1.0,-2,37
195,10,R,U,1.0,0,22
196,10,R,U,1.0,-2,11
197,10,L,D,1.0,-2,13
198,10,R,U,1.0,-2,11
199,10,R,U,1.0,-2,30
200,10,L,D,1.0,-2,25
202,10,R,U,1.0,-2,21
8,11,L,D,0.9076923076923077,0,3
9,11,L,U,0.9076923076923077,2,0
10,11,L,D,0.9076923076923077,0,2
11,11,L,D,0.9076923076923077,0,-1
12,11,L,D,0.9076923076923077,1,2
13,11,R,D,0.9076923076923077,-1,-2
14,11,R,D,0.9076923076923077,0,2
15,11,L,D,0.9076923076923077,2,1
16,11,R,U,0.9076923076923077,-3,-3
17,11,R,D,0.9076923076923077,1,4
18,11,L,D,0.9076923076923077,-2,2
19,11,L,U,0.9076923076923077,0,-1
20,11,L,D,0.9076923076923077,1,1
21,11,L,U,0.9076923076923077,2,4
22,11,R,D,0.9076923076923077,0,-4
23,11,L,D,0.9076923076923077,0,1
24,11,R,U,0.9076923076923077,1,-4
25,11,R,U,0.9076923076923077,0,-3
26,11,R,U,0.9076923076923077,0,-1
27,11,R,D,0.9076923076923077,-1,3
28,11,R,D,0.9076923076923077,0,2
29,11,R,U,0.9076923076923077,0,0
30,11,R,U,0.9076923076923077,0,2
31,11,L,D,0.9076923076923077,0,-3
32,11,L,D,0.9076923076923077,0,-6
33,11,L,U,0.9076923076923077,-2,4
34,11,R,D,0.9076923076923077,0,3
35,11,R,D,0.9076923076923077,-1,1
36,11,L,U,0.9076923076923077,1,1
37,11,R,D,0.9076923076923077,0,-1
38,11,L,U,0.9076923076923077,-1,0
39,11,R,D,0.9076923076923077,-1,-1
40,11,L,U,0.9076923076923077,1,1
41,11,R,U,0.9076923076923077,-1,-2
42,11,L,D,0.9076923076923077,1,5
43,11,R,U,0.9076923076923077,2,1
44,11,L,D,0.9076923076923077,1,0
45,11,L,D,0.9076923076923077,0,-2
46,11,R,D,0.9076923076923077,0,-3
47,11,R,D,0.9076923076923077,-3,-5
48,11,R,U,0.9076923076923077,0,-1
49,11,L,U,0.9076923076923077,0,-1
50,11,L,U,0.9076923076923077,0,0
51,11,L,D,0.9076923076923077,1,7
52,11,R,U,0.9076923076923077,0,9
53,11,R,U,0.9076923076923077,0,-2
54,11,R,U,0.9076923076923077,1,-4
55,11,L,D,0.9076923076923077,0,-5
56,11,R,D,0.9076923076923077,2,-6
57,11,L,U,0.9076923076923077,-1,5
58,11,R,U,0.9076923076923077,1,1
59,11,L,D,0.9076923076923077,0,-4
60,11,R,U,0.9076923076923077,0,-1
61,11,L,U,0.9076923076923077,0,1
62,11,L,D,0.9076923076923077,3,2
63,11,R,U,0.9076923076923077,-1,6
64,11,L,D,0.9076923076923077,1,5
65,11,R,U,0.9076923076923077,0,9
66,11,R,U,0.9076923076923077,-1,2
67,11,R,U,0.9076923076923077,0,-6
68,11,R,U,0.9076923076923077,-1,-3
69,11,L,D,0.9076923076923077,-2,3
70,11,R,U,0.9076923076923077,0,-1
71,11,R,U,0.9076923076923077,1,2
72,11,L,D,0.9076923076923077,-2,0
73,11,R,U,0.9076923076923077,1,7
74,11,R,U,0.9076923076923077,0,3
75,11,L,D,0.9076923076923077,1,-1
76,11,R,U,0.9076923076923077,-2,1
77,11,R,U,0.9076923076923077,0,-1
78,11,L,D,0.9076923076923077,-1,-1
79,11,L,D,0.9076923076923077,0,2
80,11,R,U,0.9076923076923077,1,-3
81,11,L,D,0.9076923076923077,0,-2
82,11,L,D,0.9076923076923077,0,-1
83,11,L,D,0.9076923076923077,2,3
84,11,R,U,0.9076923076923077,1,6
86,11,L,D,0.9076923076923077,-1,-3
87,11,L,D,0.9076923076923077,-1,2
88,11,L,D,0.9076923076923077,1,-3
89,11,R,U,0.9076923076923077,-1,-1
90,11,L,D,0.9076923076923077,1,6
91,11,L,D,0.9076923076923077,-1,-2
92,11,R,U,0.9076923076923077,-1,2
93,11,R,U,0.9076923076923077,0,2
94,11,L,D,0.9076923076923077,1,0
95,11,L,D,0.9076923076923077,0,-1
96,11,L,D,0.9076923076923077,-3,0
97,11,L,U,0.9076923076923077,0,4
98,11,L,U,0.9076923076923077,-2,5
99,11,R,D,0.9076923076923077,-1,0
100,11,R,D,0.9076923076923077,1,2
101,11,R,D,0.9076923076923077,1,7
102,11,R,D,0.9076923076923077,0,2
103,11,L,U,0.9076923076923077,-1,0
104,11,L,U,0.9076923076923077,-1,-7
105,11,R,D,0.9076923076923077,0,2
106,11,R,D,0.9076923076923077,0,0
107,11,L,U,0.9076923076923077,-1,-1
108,11,L,U,0.9076923076923077,1,4
109,11,L,U,0.9076923076923077,2,-1
111,11,R,D,0.9076923076923077,0,0
112,11,L,U,0.9076923076923077,0,3
113,11,L,U,0.9076923076923077,0,4
114,11,R,D,0.9076923076923077,0,-2
115,11,L,U,0.9076923076923077,1,5
116,11,R,D,0.9076923076923077,0,-1
117,11,R,D,0.9076923076923077,0,-1
118,11,R,D,0.9076923076923077,2,-2
119,11,L,U,0.9076923076923077,0,1
120,11,L,U,0.9076923076923077,-1,2
121,11,L,U,0.9076923076923077,1,3
122,11,R,D,0.9076923076923077,1,1
123,11,L,U,0.9076923076923077,-2,-1
124,11,R,D,0.9076923076923077,-1,-1
125,11,L,U,0.9076923076923077,0,-1
126,11,R,D,0.9076923076923077,1,0
127,11,L,U,0.9076923076923077,-1,-3
128,11,R,D,0.9076923076923077,0,-5
129,11,R,D,0.9076923076923077,1,-6
130,11,R,D,0.9076923076923077,0,-8
131,11,R,D,0.9076923076923077,1,9
132,11,R,D,0.9076923076923077,0,1
133,11,R,D,0.9076923076923077,1,5
134,11,L,U,0.9076923076923077,0,-6
135,11,L,U,0.9076923076923077,0,-4
136,11,R,D,0.9076923076923077,-1,3
137,11,R,D,0.9076923076923077,0,-7
138,11,L,U,0.9076923076923077,-1,-1
139,11,R,D,0.9076923076923077,0,-2
140,11,R,D,0.9076923076923077,-1,-6
141,11,L,U,0.9076923076923077,1,-2
142,11,L,U,0.9076923076923077,0,-1
143,11,L,U,0.9076923076923077,0,0
144,11,R,D,0.9076923076923077,-2,3
145,11,R,D,0.9076923076923077,-1,1
146,11,L,U,0.9076923076923077,-1,6
147,11,R,D,0.9076923076923077,0,-5
148,11,R,D,0.9076923076923077,2,-1
149,11,R,D,0.9076923076923077,2,1
150,11,R,D,0.9076923076923077,1,1
151,11,R,D,0.9076923076923077,1,-4
152,11,R,D,0.9076923076923077,1,-3
153,11,R,D,0.9076923076923077,-1,-7
154,11,R,D,0.9076923076923077,0,-4
155,11,R,D,0.9076923076923077,0,-2
156,11,R,D,0.9076923076923077,-1,2
157,11,R,U,0.9076923076923077,-1,3
158,11,R,U,0.9076923076923077,0,7
159,11,R,D,0.9076923076923077,-2,6
160,11,R,D,0.9076923076923077,2,9
161,11,L,U,0.9076923076923077,0,4
162,11,L,U,0.9076923076923077,0,7
163,11,L,U,0.9076923076923077,0,8
164,11,L,U,0.9076923076923077,2,-26
165,11,L,U,0.9076923076923077,-2,7
166,11,R,D,0.9076923076923077,-1,3
167,11,R,D,0.9076923076923077,1,-1
168,11,L,U,0.9076923076923077,1,15
169,11,R,D,0.9076923076923077,2,9
170,11,L,U,0.9076923076923077,1,-3
171,11,L,U,0.9076923076923077,0,5
172,11,R,D,0.9076923076923077,1,3
173,11,L,U,0.9076923076923077,-1,2
174,11,R,D,0.9076923076923077,-1,0
175,11,L,U,0.9076923076923077,1,-1
176,11,L,U,0.9076923076923077,0,-10
177,11,R,D,0.9076923076923077,2,-8
178,11,R,D,0.9076923076923077,0,-3
179,11,R,D,0.9076923076923077,0,5
180,11,L,U,0.9076923076923077,0,-3
181,11,L,U,0.9076923076923077,0,0
182,11,R,D,0.9076923076923077,-1,2
183,11,L,U,0.9076923076923077,0,-29
184,11,R,D,0.9076923076923077,1,-25
185,11,R,D,0.9076923076923077,1,5
186,11,L,U,0.9076923076923077,1,16
187,11,L,U,0.9076923076923077,1,14
188,11,R,D,0.9076923076923077,0,12
189,11,R,D,0.9076923076923077,-1,12
190,11,L,U,0.9076923076923077,0,1
191,11,R,D,0.9076923076923077,-2,3
192,11,R,D,0.9076923076923077,-1,-5
193,11,R,D,0.9076923076923077,-2,-24
194,11,R,D,0.9076923076923077,0,-7
195,11,R,D,0.9076923076923077,-1,-1
196,11,R,D,0.9076923076923077,0,6
197,11,R,D,0.9076923076923077,0,5
198,11,L,U,0.9076923076923077,1,0
199,11,R,D,0.9076923076923077,0,-1
200,11,R,D,0.9076923076923077,0,-11
201,11,R,D,0.9076923076923077,1,-6
202,11,R,U,0.9076923076923077,1,12
3,12,R,U,1.0,0,-1
4,12,L,D,1.0,1,1
5,12,L,D,1.0,1,2
6,12,R,U,1.0,1,1
7,12,R,D,1.0,1,-3
8,12,R,D,1.0,0,-5
9,12,R,U,1.0,0,-5
10,12,R,D,1.0,-1,-4
11,12,L,D,1.0,0,-1
12,12,L,D,1.0,-1,1
13,12,R,U,1.0,-1,1
14,12,L,U,1.0,0,0
15,12,R,U,1.0,1,0
16,12,L,D,1.0,1,-5
17,12,R,D,1.0,1,-6
18,12,L,D,1.0,1,4
19,12,R,D,1.0,1,2
20,12,R,D,1.0,0,0
21,12,R,U,1.0,0,2
22,12,R,D,1.0,-1,-7
23,12,L,U,1.0,0,0
24,12,L,D,1.0,-2,-1
25,12,R,U,1.0,1,3
26,12,L,U,1.0,-1,1
27,12,L,D,1.0,1,0
28,12,R,U,1.0,1,2
29,12,R,U,1.0,0,1
30,12,L,D,1.0,1,2
31,12,R,U,1.0,0,1
32,12,L,U,1.0,1,0
33,12,L,U,1.0,1,2
34,12,L,D,1.0,-2,-1
35,12,R,D,1.0,0,2
36,12,R,D,1.0,1,-5
38,12,L,U,1.0,0,-4
39,12,L,U,1.0,-1,3
40,12,R,D,1.0,0,-4
41,12,R,D,1.0,1,-2
42,12,R,U,1.0,1,-6
43,12,R,U,1.0,0,2
44,12,R,D,1.0,2,1
45,12,L,U,1.0,-2,0
46,12,L,U,1.0,0,-1
47,12,R,U,1.0,-2,7
48,12,L,U,1.0,0,1
49,12,R,D,1.0,-1,-4
50,12,R,D,1.0,1,-9
51,12,L,D,1.0,1,-8
52,12,L,U,1.0,-1,-16
53,12,R,U,1.0,0,3
54,12,L,U,1.0,0,1
55,12,L,U,1.0,0,0
56,12,L,U,1.0,1,2
57,12,R,D,1.0,4,10
58,12,R,D,1.0,0,0
59,12,R,D,1.0,0,-8
60,12,R,D,1.0,1,-3
61,12,R,D,1.0,0,-3
62,12,L,U,1.0,0,2
63,12,R,D,1.0,0,0
64,12,R,D,1.0,-2,-4
65,12,R,D,1.0,0,4
66,12,L,U,1.0,0,-2
67,12,R,D,1.0,-1,-3
68,12,L,U,1.0,2,-2
69,12,L,U,1.0,-1,0
71,12,L,U,1.0,0,-1
72,12,L,U,1.0,-2,2
73,12,R,D,1.0,0,7
74,12,R,D,1.0,-1,-2
75,12,R,D,1.0,0,0
76,12,R,D,1.0,1,-4
77,12,R,D,1.0,1,2
78,12,L,U,1.0,1,-1
79,12,R,D,1.0,2,0
80,12,L,U,1.0,0,3
81,12,L,U,1.0,1,7
82,12,L,U,1.0,-2,-2
83,12,L,D,1.0,-1,1
84,12,R,U,1.0,0,5
85,12,R,U,1.0,-2,-4
86,12,L,D,1.0,1,2
87,12,R,U,1.0,1,2
88,12,L,D,1.0,-1,9
89,12,R,U,1.0,1,-1
90,12,R,U,1.0,0,2
92,12,R,U,1.0,0,-1
93,12,R,U,1.0,0,-1
94,12,R,U,1.0,-1,-5
95,12,L,D,1.0,0,3
96,12,L,D,1.0,-2,-2
97,12,L,D,1.0,1,5
98,12,L,D,1.0,0,4
99,12,L,D,1.0,1,5
100,12,L,D,1.0,0,1
101,12,L,D,1.0,0,0
102,12,L,D,1.0,1,-2
103,12,L,D,1.0,1,-3
104,12,L,D,1.0,0,-1
105,12,L,D,1.0,1,-1
106,12,L,D,1.0,0,0
107,12,L,D,1.0,0,1
108,12,L,D,1.0,2,-5
109,12,L,D,1.0,1,-6
110,12,L,D,1.0,1,-3
111,12,L,D,1.0,1,-3
112,12,L,D,1.0,0,-2
113,12,L,D,1.0,0,4
114,12,L,D,1.0,-1,1
115,12,L,D,1.0,0,4
116,12,L,D,1.0,-1,0
117,12,L,D,1.0,-1,-4
119,12,L,D,1.0,0,-2
120,12,L,D,1.0,0,0
121,12,L,D,1.0,-1,-6
122,12,L,D,1.0,0,2
123,12,L,D,1.0,0,5
124,12,L,D,1.0,0,4
125,12,L,D,1.0,0,4
126,12,L,D,1.0,0,7
127,12,L,D,1.0,0,4
128,12,L,D,1.0,-1,1
129,12,L,D,1.0,-1,2
130,12,L,D,1.0,-2,-3
131,12,L,D,1.0,-1,-2
132,12,L,D,1.0,0,-2
133,12,L,D,1.0,0,-1
134,12,L,D,1.0,0,-1
135,12,L,D,1.0,1,0
136,12,L,D,1.0,0,0
137,12,L,D,1.0,0,0
138,12,L,D,1.0,0,-1
139,12,L,D,1.0,0,0
140,12,L,D,1.0,0,-1
141,12,L,D,1.0,0,-1
142,12,L,D,1.0,0,0
143,12,L,D,1.0,0,0
144,12,L,D,1.0,0,-1
145,12,L,D,1.0,0,-5
146,12,L,D,1.0,0,-1
147,12,L,D,1.0,0,-3
148,12,L,D,1.0,0,0
149,12,L,D,1.0,0,0
150,12,L,D,1.0,0,-1
151,12,L,D,1.0,0,0
152,12,L,D,1.0,0,-1
153,12,L,D,1.0,0,-3
154,12,L,D,1.0,0,0
155,12,L,D,1.0,0,-1
156,12,L,D,1.0,0,-1
157,12,L,D,1.0,0,-1
158,12,L,D,1.0,0,2
159,12,L,D,1.0,0,0
160,12,L,D,1.0,0,-1
161,12,L,D,1.0,0,-1
162,12,L,D,1.0,0,0
163,12,L,D,1.0,0,0
164,12,L,D,1.0,0,3
165,12,L,D,1.0,0,-1
166,12,L,D,1.0,0,0
167,12,L,D,1.0,0,-1
168,12,L,D,1.0,0,-2
169,12,L,D,1.0,0,0
170,12,L,D,1.0,0,0
171,12,L,D,1.0,0,0
172,12,L,D,1.0,0,1
173,12,L,D,1.0,0,0
174,12,L,D,1.0,0,2
175,12,L,D,1.0,0,2
176,12,L,D,1.0,0,-1
177,12,L,D,1.0,0,-1
178,12,L,D,1.0,0,-1
179,12,L,D,1.0,0,2
180,12,L,D,1.0,0,0
181,12,L,D,1.0,0,0
182,12,L,D,1.0,0,0
183,12,L,D,1.0,0,-2
184,12,L,D,1.0,0,2
185,12,L,D,1.0,0,0
186,12,L,D,1.0,0,-1
187,12,L,D,1.0,0,1
188,12,L,D,1.0,0,1
189,12,L,D,1.0,0,-2
190,12,L,D,1.0,0,-1
191,12,L,D,1.0,0,-1
192,12,L,D,1.0,1,-1
193,12,L,D,1.0,1,-3
194,12,L,D,1.0,1,0
195,12,L,D,1.0,0,0
196,12,L,D,1.0,0,1
197,12,L,D,1.0,0,1
198,12,L,D,1.0,1,4
199,12,L,D,1.0,0,0
200,12,L,D,1.0,0,0
201,12,L,D,1.0,0,0
202,12,L,D,1.0,0,0
0,13,R,U,1.0,1,2
1,13,R,D,1.0,0,-2
2,13,R,D,1.0,1,-1
3,13,R,D,1.0,0,2
4,13,R,D,1.0,-1,-3
5,13,R,U,1.0,-1,1
6,13,R,U,1.0,1,3
7,13,R,U,1.0,0,1
8,13,R,D,1.0,0,-2
9,13,L,D,1.0,-2,-1
10,13,L,D,1.0,-1,-1
11,13,R,D,1.0,-1,-5
12,13,L,U,1.0,3,-2
13,13,L,D,1.0,0,-1
14,13,L,D,1.0,0,0
15,13,L,U,1.0,-1,-4
16,13,L,D,1.0,0,1
17,13,R,U,1.0,1,-1
18,13,R,D,1.0,0,0
19,13,R,U,1.0,0,2
20,13,L,U,1.0,0,0
21,13,R,U,1.0,3,-5
22,13,L,U,1.0,0,1
23,13,L,D,1.0,-2,-1
24,13,R,D,1.0,0,2
25,13,R,D,1.0,0,1
26,13,L,U,1.0,0,-3
27,13,R,U,1.0,0,-7
28,13,R,D,1.0,-1,5
29,13,R,D,1.0,2,-3
30,13,R,U,1.0,-2,2
31,13,R,D,1.0,1,-4
32,13,L,U,1.0,-1,-1
33,13,R,D,1.0,-1,3
34,13,L,D,1.0,-1,1
35,13,L,D,1.0,-2,0
36,13,L,U,1.0,2,3
37,13,R,U,1.0,2,2
38,13,R,D,1.0,0,1
39,13,L,U,1.0,0,2
40,13,L,U,1.0,3,0
41,13,R,U,1.0,0,-5
42,13,L,U,1.0,1,2
43,13,L,D,1.0,1,0
44,13,L,U,1.0,-2,-5
45,13,L,D,1.0,1,-4
46,13,R,U,1.0,2,-3
47,13,L,U,1.0,0,-4
48,13,L,U,1.0,1,-3
49,13,R,D,1.0,-2,1
50,13,R,D,1.0,0,2
51,13,R,U,1.0,-1,5
52,13,L,D,1.0,0,7
53,13,R,D,1.0,-2,3
54,13,L,U,1.0,1,-1
55,13,R,U,1.0,0,-10
56,13,R,D,1.0,3,-3
57,13,R,D,1.0,1,1
58,13,R,D,1.0,0,-6
59,13,L,U,1.0,-1,2
61,13,R,D,1.0,0,-6
62,13,R,D,1.0,1,-6
63,13,L,U,1.0,-2,9
65,13,L,D,1.0,-2,2
67,13,L,D,1.0,0,2
68,13,L,D,1.0,1,0
69,13,R,U,1.0,2,8
70,13,R,U,1.0,1,-2
71,13,R,U,1.0,2,5
72,13,R,U,1.0,0,-1
73,13,L,D,1.0,0,1
74,13,R,U,1.0,-2,3
75,13,R,U,1.0,-3,2
76,13,L,D,1.0,2,-4
77,13,L,D,1.0,0,6
79,13,R,U,1.0,-1,5
80,13,R,U,1.0,1,0
81,13,L,D,1.0,2,-2
82,13,L,D,1.0,1,-5
83,13,R,U,1.0,-2,-3
84,13,L,D,1.0,1,-7
85,13,L,D,1.0,-1,-2
86,13,L,D,1.0,0,-5
87,13,L,D,1.0,-1,-2
88,13,L,D,1.0,0,-1
89,13,R,D,1.0,0,4
90,13,L,U,1.0,0,1
91,13,L,U,1.0,2,1
92,13,L,U,1.0,2,0
93,13,L,U,1.0,1,3
94,13,L,U,1.0,1,-2
95,13,L,U,1.0,0,1
96,13,L,U,1.0,-1,-3
97,13,L,U,1.0,-1,0
98,13,L,U,1.0,0,0
99,13,L,U,1.0,-1,0
100,13,L,U,1.0,0,0
101,13,L,U,1.0,0,1
102,13,L,U,1.0,-1,3
103,13,L,U,1.0,0,-1
104,13,L,U,1.0,0,-1
105,13,L,U,1.0,0,0
106,13,L,U,1.0,0,-1
107,13,L,U,1.0,0,-1
108,13,L,U,1.0,0,0
109,13,L,U,1.0,0,0
110,13,L,U,1.0,0,-2
111,13,L,U,1.0,0,-3
112,13,L,U,1.0,-1,-3
113,13,L,U,1.0,-1,-3
114,13,L,U,1.0,0,-5
115,13,L,U,1.0,0,-3
116,13,L,U,1.0,0,-2
117,13,L,U,1.0,0,-1
118,13,L,U,1.0,0,-1
119,13,L,U,1.0,0,0
120,13,L,U,1.0,0,0
121,13,L,U,1.0,0,-1
122,13,L,U,1.0,0,1
123,13,L,U,1.0,0,-1
124,13,L,U,1.0,0,0
125,13,L,U,1.0,0,0
126,13,L,U,1.0,0,0
127,13,L,U,1.0,0,-1
128,13,L,U,1.0,1,0
129,13,L,U,1.0,1,2
130,13,L,U,1.0,1,3
131,13,L,U,1.0,0,1
132,13,L,U,1.0,1,2
133,13,L,U,1.0,0,0
134,13,L,U,1.0,0,1
135,13,L,U,1.0,1,0
136,13,L,U,1.0,1,-1
137,13,L,U,1.0,0,-3
138,13,L,U,1.0,0,2
139,13,L,U,1.0,0,0
140,13,L,U,1.0,0,1
141,13,L,U,1.0,0,-2
142,13,L,U,1.0,0,-1
143,13,L,U,1.0,0,1
144,13,L,U,1.0,0,0
145,13,L,U,1.0,0,-2
146,13,L,U,1.0,0,2
147,13,L,U,1.0,0,2
148,13,L,U,1.0,0,0
149,13,L,U,1.0,0,1
150,13,L,U,1.0,0,-1
151,13,L,U,1.0,0,-1
152,13,L,U,1.0,0,-1
153,13,L,U,1.0,0,2
154,13,L,U,1.0,0,0
155,13,L,U,1.0,0,0
156,13,L,U,1.0,-1,-1
157,13,L,U,1.0,0,-1
158,13,L,U,1.0,-1,-1
159,13,L,U,1.0,0,1
160,13,L,U,1.0,0,1
161,13,L,U,1.0,-1,0
162,13,L,U,1.0,-1,2
163,13,L,U,1.0,0,0
164,13,L,U,1.0,-1,-1
165,13,L,U,1.0,1,0
166,13,L,U,1.0,0,0
167,13,L,U,1.0,0,1
168,13,L,U,1.0,0,2
169,13,L,U,1.0,0,2
170,13,L,U,1.0,0,0
171,13,L,U,1.0,0,1
172,13,L,U,1.0,0,-1
173,13,L,U,1.0,0,-1
174,13,L,U,1.0,0,0
175,13,L,U,1.0,0,-1
176,13,L,U,1.0,0,-1
177,13,L,U,1.0,0,0
178,13,L,U,1.0,0,0
179,13,L,U,1.0,0,-1
180,13,L,U,1.0,0,1
181,13,L,U,1.0,0,0
182,13,L,U,1.0,0,0
183,13,L,U,1.0,-1,-2
184,13,L,U,1.0,0,1
185,13,L,U,1.0,0,0
186,13,L,U,1.0,0,-1
187,13,L,U,1.0,0,-2
188,13,L,U,1.0,0,1
189,13,L,U,1.0,0,1
190,13,L,U,1.0,-1,0
191,13,L,U,1.0,0,-1
192,13,L,U,1.0,-1,0
194,13,L,U,1.0,0,1
195,13,L,U,1.0,-1,1
197,13,L,U,1.0,0,0
198,13,L,U,1.0,0,0
199,13,L,U,1.0,0,1
201,13,L,U,1.0,0,-1
202,13,L,U,1.0,0,1
0,14,L,D,0.72,2,3
1,14,L,D,0.72,1,4
2,14,L,D,0.72,-1,-1
3,14,R,U,0.72,1,0
4,14,R,D,0.72,-2,-1
5,14,R,D,0.72,-1,2
6,14,L,U,0.72,-1,1
7,14,L,U,0.72,0,3
8,14,R,U,0.72,1,-3
9,14,R,U,0.72,1,0
10,14,R,D,0.72,1,1
11,14,R,D,0.72,0,1
12,14,L,D,0.72,-1,-4
13,14,L,U,0.72,1,2
14,14,L,U,0.72,1,1
15,14,L,D,0.72,3,4
16,14,L,D,0.72,0,-1
17,14,L,U,0.72,-1,5
18,14,L,U,0.72,0,3
19,14,R,D,0.72,1,4
20,14,L,U,0.72,-3,4
21,14,L,U,0.72,0,-2
22,14,R,D,0.72,0,5
23,14,R,D,0.72,-1,-1
24,14,R,D,0.72,2,5
25,14,L,U,0.72,-1,0
26,14,L,D,0.72,1,0
27,14,L,D,0.72,0,-2
28,14,R,U,0.72,2,1
29,14,R,D,0.72,1,2
30,14,R,D,0.72,-1,-2
31,14,R,D,0.72,-2,-3
32,14,R,D,0.72,0,6
33,14,L,D,0.72,0,6
34,14,R,D,0.72,-2,4
35,14,L,U,0.72,0,8
36,14,L,U,0.72,1,2
37,14,R,U,0.72,-1,-3
38,14,L,U,0.72,0,1
39,14,R,U,0.72,1,-5
40,14,L,U,0.72,0,-3
41,14,R,D,0.72,0,0
42,14,R,D,0.72,1,2
43,14,L,D,0.72,1,3
44,14,L,D,0.72,-1,-2
45,14,L,D,0.72,-1,0
46,14,R,D,0.72,-2,9
47,14,L,D,0.72,2,2
48,14,L,D,0.72,4,-1
49,14,R,D,0.72,-3,5
50,14,R,D,0.72,1,6
51,14,R,U,0.72,-1,-3
52,14,R,U,0.72,0,3
54,14,R,U,0.72,0,9
55,14,R,U,0.72,1,2
56,14,L,D,0.72,0,-5
57,14,R,U,0.72,0,-1
58,14,R,D,0.72,1,-4
59,14,R,U,0.72,3,0
60,14,R,D,0.72,-1,-4
61,14,R,D,0.72,0,-5
62,14,L,U,0.72,0,0
63,14,R,D,0.72,1,-3
64,14,L,D,0.72,-2,2
65,14,R,D,0.72,0,4
66,14,R,D,0.72,0,0
67,14,R,D,0.72,0,9
68,14,R,D,0.72,-1,1
69,14,L,U,0.72,1,-1
70,14,R,D,0.72,0,3
71,14,L,U,0.72,0,3
72,14,L,U,0.72,-1,-2
73,14,L,U,0.72,-1,13
74,14,R,D,0.72,0,-6
75,14,L,U,0.72,0,-6
76,14,L,U,0.72,0,1
77,14,R,D,0.72,1,1
78,14,R,D,0.72,0,4
79,14,R,D,0.72,0,13
80,14,R,D,0.72,0,8
81,14,L,U,0.72,1,-3
82,14,L,U,0.72,0,-8
83,14,L,U,0.72,1,1
84,14,L,U,0.72,2,1
85,14,L,U,0.72,0,-1
86,14,R,D,0.72,-1,9
87,14,L,U,0.72,0,2
88,14,L,U,0.72,0,2
89,14,L,U,0.72,1,4
90,14,L,U,0.72,-1,-3
91,14,L,U,0.72,0,-1
92,14,R,D,0.72,2,16
93,14,L,U,0.72,-1,7
94,14,R,D,0.72,2,-5
95,14,R,D,0.72,0,0
96,14,L,U,0.72,0,4
97,14,L,U,0.72,0,-1
98,14,R,D,0.72,0,-4
99,14,L,U,0.72,-1,7
100,14,L,U,0.72,-1,-2
101,14,R,D,0.72,-1,0
102,14,R,D,0.72,1,5
103,14,R,D,0.72,0,-6
104,14,R,D,0.72,-1,-2
105,14,L,U,0.72,-1,2
106,14,R,D,0.72,-1,6
107,14,L,U,0.72,-1,5
108,14,R,D,0.72,2,5
109,14,L,U,0.72,0,-1
110,14,L,U,0.72,-1,5
111,14,L,U,0.72,0,-2
112,14,L,U,0.72,1,2
113,14,R,D,0.72,1,2
114,14,R,D,0.72,2,-1
115,14,R,D,0.72,1,5
116,14,L,U,0.72,0,0
117,14,L,U,0.72,0,3
118,14,L,U,0.72,-1,-6
119,14,R,D,0.72,0,2
120,14,L,U,0.72,-1,0
121,14,L,U,0.72,0,7
122,14,L,U,0.72,0,-1
123,14,R,D,0.72,1,1
124,14,L,U,0.72,-1,-2
125,14,L,U,0.72,0,-5
126,14,L,U,0.72,1,-2
127,14,L,U,0.72,0,0
128,14,L,U,0.72,0,14
129,14,R,D,0.72,-3,10
130,14,L,U,0.72,-2,14
131,14,R,D,0.72,0,7
132,14,R,D,0.72,0,9
133,14,L,U,0.72,0,11
134,14,L,U,0.72,1,10
135,14,R,U,0.72,-1,1
137,14,L,U,0.72,-2,4
138,14,L,D,0.72,1,2
139,14,R,D,0.72,2,-3
140,14,R,D,0.72,0,1
141,14,R,D,0.72,0,6
142,14,L,U,0.72,1,-4
143,14,L,U,0.72,-3,0
144,14,R,D,0.72,0,9
145,14,L,U,0.72,0,-3
146,14,R,D,0.72,0,11
147,14,R,D,0.72,-1,2
148,14,R,D,0.72,0,3
149,14,L,U,0.72,-1,-3
150,14,L,U,0.72,0,-3
151,14,R,D,0.72,2,-4
152,14,L,U,0.72,1,-4
153,14,R,D,0.72,-2,2
154,14,R,D,0.72,1,7
155,14,R,D,0.72,0,7
156,14,R,D,0.72,0,11
157,14,L,U,0.72,1,-1
158,14,R,D,0.72,1,-3
159,14,L,U,0.72,0,-1
161,14,R,D,0.72,1,0
162,14,R,D,0.72,0,2
163,14,R,D,0.72,1,8
164,14,L,U,0.72,-3,5
165,14,L,U,0.72,1,4
166,14,L,U,0.72,1,3
167,14,L,U,0.72,0,-3
168,14,R,D,0.72,1,-3
169,14,R,D,0.72,1,-2
170,14,R,D,0.72,0,6
171,14,R,D,0.72,0,-4
172,14,R,D,0.72,0,-3
173,14,R,D,0.72,0,7
174,14,R,D,0.72,0,2
175,14,R,D,0.72,0,1
176,14,R,D,0.72,0,-15
177,14,R,D,0.72,0,9
178,14,R,D,0.72,1,7
179,14,R,D,0.72,1,10
180,14,R,D,0.72,1,6
181,14,R,D,0.72,0,3
182,14,L,U,0.72,0,3
183,14,L,U,0.72,-1,5
184,14,L,U,0.72,0,-12
185,14,L,U,0.72,1,-22
186,14,L,U,0.72,-1,6
187,14,R,D,0.72,0,27
188,14,R,D,0.72,1,10
189,14,L,U,0.72,0,-1
190,14,L,U,0.72,1,-8
191,14,L,U,0.72,0,-9
192,14,L,U,0.72,0,-3
193,14,R,D,0.72,13,-164
194,14,R,U,0.72,10,-186
195,14,R,U,0.72,11,5
196,14,L,D,0.72,5,-96
197,14,L,D,0.72,3,241
198,14,R,U,0.72,3,-1
199,14,R,U,0.72,3,-249
200,14,L,D,0.72,0,-147
201,14,L,D,0.72,3,156
202,14,L,D,0.72,3,75
0,15,L,D,0.9538461538461539,-2,2
1,15,L,U,0.9538461538461539,1,1
2,15,L,U,0.9538461538461539,-1,-5
3,15,R,D,0.9538461538461539,0,4
4,15,L,U,0.9538461538461539,0,-3
5,15,L,D,0.9538461538461539,0,-1
6,15,R,U,0.9538461538461539,0,-3
7,15,L,D,0.9538461538461539,-1,3
8,15,L,U,0.9538461538461539,-1,3
9,15,L,U,0.9538461538461539,-1,-4
10,15,R,U,0.9538461538461539,2,3
12,15,L,D,0.9538461538461539,0,-43
13,15,L,U,0.9538461538461539,-1,-42
14,15,R,D,0.9538461538461539,1,33
16,15,L,U,0.9538461538461539,-1,-40
17,15,L,D,0.9538461538461539,-1,-21
18,15,R,D,0.9538461538461539,-2,-12
19,15,R,D,0.9538461538461539,0,-22
20,15,L,U,0.9538461538461539,1,37
21,15,R,U,0.9538461538461539,0,38
22,15,L,U,0.9538461538461539,-3,24
23,15,R,U,0.9538461538461539,3,23
24,15,R,U,0.9538461538461539,0,11
25,15,L,D,0.9538461538461539,1,19
26,15,L,D,0.9538461538461539,1,-7
27,15,L,D,0.9538461538461539,2,2
28,15,L,D,0.9538461538461539,0,5
29,15,L,D,0.9538461538461539,-1,-8
30,15,R,U,0.9538461538461539,-1,-4
31,15,L,D,0.9538461538461539,0,7
32,15,L,U,0.9538461538461539,0,-3
33,15,L,U,0.9538461538461539,1,-3
34,15,R,U,0.9538461538461539,2,3
35,15,R,U,0.9538461538461539,-1,-9
36,15,L,U,0.9538461538461539,1,0
37,15,R,U,0.9538461538461539,-1,2
38,15,R,D,0.9538461538461539,1,6
39,15,R,D,0.9538461538461539,-1,-2
40,15,L,D,0.9538461538461539,-1,-4
41,15,R,U,0.9538461538461539,-1,0
42,15,L,U,0.9538461538461539,0,-3
43,15,L,D,0.9538461538461539,-1,-5
44,15,L,D,0.9538461538461539,2,5
45,15,R,D,0.9538461538461539,3,3
46,15,R,D,0.9538461538461539,0,3
47,15,R,D,0.9538461538461539,3,3
48,15,L,U,0.9538461538461539,0,-3
49,15,R,U,0.9538461538461539,-1,1
50,15,R,U,0.9538461538461539,-1,-12
51,15,R,U,0.9538461538461539,0,0
52,15,L,U,0.9538461538461539,0,1
53,15,R,U,0.9538461538461539,0,0
54,15,R,D,0.9538461538461539,0,-1
55,15,R,U,0.9538461538461539,1,3
56,15,R,U,0.9538461538461539,2,-1
57,15,R,D,0.9538461538461539,-1,2
58,15,L,U,0.9538461538461539,0,1
59,15,L,U,0.9538461538461539,1,-11
60,15,R,D,0.9538461538461539,0,1
61,15,L,U,0.9538461538461539,-3,-5
62,15,L,U,0.9538461538461539,2,-3
63,15,R,D,0.9538461538461539,-3,-6
64,15,L,U,0.9538461538461539,2,-17
65,15,L,U,0.9538461538461539,1,-8
66,15,R,D,0.9538461538461539,1,-4
67,15,R,U,0.9538461538461539,0,1
68,15,R,U,0.9538461538461539,-1,3
69,15,R,D,0.9538461538461539,0,5
70,15,R,D,0.9538461538461539,-1,-1
71,15,R,D,0.9538461538461539,0,1
72,15,R,D,0.9538461538461539,-1,5
73,15,R,D,0.9538461538461539,0,10
74,15,R,D,0.9538461538461539,1,-2
75,15,R,D,0.9538461538461539,1,2
76,15,R,U,0.9538461538461539,1,5
77,15,R,U,0.9538461538461539,1,7
78,15,L,D,0.9538461538461539,-3,-4
79,15,R,U,0.9538461538461539,-1,-7
80,15,L,D,0.9538461538461539,0,-8
81,15,L,D,0.9538461538461539,0,2
82,15,R,U,0.9538461538461539,2,0
83,15,L,D,0.9538461538461539,1,4
84,15,R,U,0.9538461538461539,1,-1
85,15,L,D,0.9538461538461539,0,5
86,15,L,D,0.9538461538461539,2,-18
87,15,R,U,0.9538461538461539,0,6
88,15,L,D,0.9538461538461539,0,6
89,15,R,U,0.9538461538461539,-1,9
90,15,L,D,0.9538461538461539,0,4
91,15,L,D,0.9538461538461539,0,-2
92,15,R,U,0.9538461538461539,0,-3
93,15,R,U,0.9538461538461539,0,-10
94,15,L,D,0.9538461538461539,-1,-12
95,15,L,D,0.9538461538461539,0,-2
96,15,L,D,0.9538461538461539,0,-4
97,15,L,D,0.9538461538461539,0,4
98,15,R,U,0.9538461538461539,2,1
99,15,L,D,0.9538461538461539,0,0
100,15,R,U,0.9538461538461539,0,1
101,15,R,U,0.9538461538461539,1,-6
102,15,R,U,0.9538461538461539,-1,1
103,15,L,D,0.9538461538461539,2,-5
104,15,L,D,0.9538461538461539,2,2
105,15,R,U,0.9538461538461539,-2,4
106,15,L,D,0.9538461538461539,0,-1
107,15,L,D,0.9538461538461539,0,0
108,15,L,D,0.9538461538461539,-1,3
109,15,R,U,0.9538461538461539,0,1
110,15,R,U,0.9538461538461539,1,3
111,15,L,D,0.9538461538461539,0,4
112,15,L,D,0.9538461538461539,0,1
113,15,L,D,0.9538461538461539,1,5
114,15,L,D,0.9538461538461539,0,5
115,15,R,U,0.9538461538461539,-1,2
116,15,L,D,0.9538461538461539,1,-4
117,15,R,U,0.9538461538461539,-2,2
118,15,R,U,0.9538461538461539,-1,1
119,15,L,D,0.9538461538461539,1,10
120,15,L,D,0.9538461538461539,1,-5
121,15,R,U,0.9538461538461539,0,13
122,15,R,U,0.9538461538461539,-3,-3
123,15,L,D,0.9538461538461539,0,7
124,15,L,D,0.9538461538461539,2,-22
125,15,L,D,0.9538461538461539,-1,2
126,15,R,U,0.9538461538461539,0,4
127,15,L,D,0.9538461538461539,1,3
128,15,L,U,0.9538461538461539,-1,0
129,15,L,U,0.9538461538461539,-1,-3
130,15,R,D,0.9538461538461539,0,-1
131,15,R,D,0.9538461538461539,0,-3
132,15,R,D,0.9538461538461539,-1,-1
133,15,R,D,0.9538461538461539,0,-4
134,15,R,D,0.9538461538461539,0,-3
135,15,R,D,0.9538461538461539,0,-2
136,15,R,D,0.9538461538461539,1,2
137,15,R,D,0.9538461538461539,1,1
138,15,R,D,0.9538461538461539,2,-5
139,15,R,D,0.9538461538461539,0,-1
140,15,R,D,0.9538461538461539,-2,2
141,15,R,D,0.9538461538461539,-1,-1
142,15,R,D,0.9538461538461539,0,0
143,15,R,D,0.9538461538461539,0,3
144,15,R,D,0.9538461538461539,1,0
145,15,R,D,0.9538461538461539,1,-2
146,15,R,D,0.9538461538461539,1,3
147,15,R,D,0.9538461538461539,0,-2
148,15,R,D,0.9538461538461539,0,-3
149,15,R,D,0.9538461538461539,-1,5
150,15,R,D,0.9538461538461539,-1,2
151,15,R,D,0.9538461538461539,0,-1
152,15,R,D,0.9538461538461539,0,1
153,15,R,D,0.9538461538461539,1,-1
154,15,R,D,0.9538461538461539,-1,3
155,15,R,D,0.9538461538461539,-1,3
156,15,R,D,0.9538461538461539,0,-3
157,15,R,D,0.9538461538461539,-1,-7
158,15,R,D,0.9538461538461539,-1,-2
159,15,R,D,0.9538461538461539,1,-9
160,15,R,D,0.9538461538461539,-1,7
161,15,R,D,0.9538461538461539,-2,5
162,15,R,D,0.9538461538461539,1,0
163,15,R,D,0.9538461538461539,-1,-1
164,15,R,D,0.9538461538461539,1,0
165,15,R,D,0.9538461538461539,1,19
167,15,R,D,0.9538461538461539,1,-2
168,15,L,U,0.9538461538461539,0,-2
171,15,R,D,0.9538461538461539,0,-4
172,15,L,U,0.9538461538461539,1,-6
174,15,L,U,0.9538461538461539,-2,-8
177,15,L,U,0.9538461538461539,-1,-11
178,15,L,U,0.9538461538461539,0,-1
180,15,R,D,0.9538461538461539,0,4
181,15,R,D,0.9538461538461539,0,5
182,15,R,D,0.9538461538461539,0,0
184,15,R,D,0.9538461538461539,0,5
185,15,R,D,0.9538461538461539,1,2
186,15,R,D,0.9538461538461539,1,-8
187,15,R,D,0.9538461538461539,0,-2
188,15,R,D,0.9538461538461539,1,1
189,15,R,D,0.9538461538461539,0,1
190,15,R,D,0.9538461538461539,0,2
191,15,R,D,0.9538461538461539,1,6
192,15,R,D,0.9538461538461539,1,-2
193,15,R,D,0.9538461538461539,-1,-5
194,15,R,D,0.9538461538461539,0,-6
195,15,R,D,0.9538461538461539,1,-6
196,15,R,D,0.9538461538461539,0,-4
197,15,R,D,0.9538461538461539,0,-1
198,15,R,D,0.9538461538461539,0,-1
199,15,R,D,0.9538461538461539,0,1
200,15,R,D,0.9538461538461539,1,2
201,15,R,D,0.9538461538461539,0,4
202,15,R,D,0.9538461538461539,1,1
0,16,R,D,0.8627450980392157,-1,-1
1,16,L,U,0.8627450980392157,-1,4
2,16,R,D,0.8627450980392157,2,8
3,16,L,D,0.8627450980392157,-1,-4
4,16,R,D,0.8627450980392157,0,-3
5,16,R,U,0.8627450980392157,-1,-2
6,16,L,U,0.8627450980392157,-1,-3
7,16,L,D,0.8627450980392157,0,1
8,16,R,U,0.8627450980392157,2,0
9,16,L,D,0.8627450980392157,1,3
10,16,R,U,0.8627450980392157,-2,0
11,16,R,U,0.8627450980392157,0,1
12,16,R,D,0.8627450980392157,2,1
13,16,L,U,0.8627450980392157,-1,-7
14,16,L,U,0.8627450980392157,1,3
15,16,L,U,0.8627450980392157,0,0
16,16,R,D,0.8627450980392157,3,-2
17,16,L,D,0.8627450980392157,0,4
18,16,L,D,0.8627450980392157,-1,-1
19,16,L,U,0.8627450980392157,-2,-2
20,16,R,D,0.8627450980392157,-1,-2
21,16,R,U,0.8627450980392157,-1,3
22,16,R,U,0.8627450980392157,1,2
23,16,L,D,0.8627450980392157,1,2
24,16,R,U,0.8627450980392157,-1,3
25,16,L,D,0.8627450980392157,1,1
26,16,R,U,0.8627450980392157,-2,-2
27,16,L,U,0.8627450980392157,-1,-2
28,16,R,U,0.8627450980392157,1,4
29,16,L,D,0.8627450980392157,0,1
30,16,R,D,0.8627450980392157,2,1
31,16,R,D,0.8627450980392157,-1,0
32,16,R,U,0.8627450980392157,2,3
33,16,L,U,0.8627450980392157,0,1
34,16,R,D,0.8627450980392157,-1,5
35,16,L,U,0.8627450980392157,0,4
36,16,L,D,0.8627450980392157,-1,-3
37,16,L,D,0.8627450980392157,0,-7
38,16,L,U,0.8627450980392157,1,-3
39,16,R,U,0.8627450980392157,1,-3
40,16,R,D,0.8627450980392157,2,-1
41,16,L,D,0.8627450980392157,-3,1
42,16,L,U,0.8627450980392157,-1,5
43,16,L,U,0.8627450980392157,-2,2
44,16,R,U,0.8627450980392157,2,4
45,16,L,U,0.8627450980392157,2,3
46,16,R,U,0.8627450980392157,0,-6
47,16,L,U,0.8627450980392157,3,-1
48,16,R,U,0.8627450980392157,-3,-3
49,16,R,D,0.8627450980392157,0,-1
50,16,R,D,0.8627450980392157,2,-3
51,16,L,U,0.8627450980392157,1,-1
52,16,L,U,0.8627450980392157,-2,3
53,16,L,U,0.8627450980392157,0,-3
54,16,L,U,0.8627450980392157,1,0
55,16,R,U,0.8627450980392157,2,-2
56,16,L,D,0.8627450980392157,-1,2
57,16,R,D,0.8627450980392157,1,4
58,16,R,D,0.8627450980392157,1,-1
59,16,R,D,0.8627450980392157,1,-4
60,16,L,U,0.8627450980392157,-2,5
61,16,L,U,0.8627450980392157,2,-3
62,16,L,U,0.8627450980392157,-1,-8
63,16,R,U,0.8627450980392157,-2,-15
64,16,R,D,0.8627450980392157,0,-11
65,16,R,D,0.8627450980392157,0,-11
66,16,L,U,0.8627450980392157,4,-7
67,16,L,U,0.8627450980392157,1,5
68,16,L,U,0.8627450980392157,-1,-2
69,16,L,U,0.8627450980392157,-3,-3
70,16,R,D,0.8627450980392157,-1,-2
71,16,L,U,0.8627450980392157,0,-10
72,16,R,D,0.8627450980392157,2,-1
73,16,R,D,0.8627450980392157,2,-4
74,16,R,D,0.8627450980392157,1,8
75,16,L,U,0.8627450980392157,0,8
76,16,L,U,0.8627450980392157,-2,-5
77,16,L,U,0.8627450980392157,1,-10
78,16,R,D,0.8627450980392157,0,-3
79,16,R,D,0.8627450980392157,2,-4
80,16,R,D,0.8627450980392157,1,-1
81,16,L,U,0.8627450980392157,-1,10
82,16,L,U,0.8627450980392157,0,3
83,16,R,D,0.8627450980392157,1,8
84,16,L,U,0.8627450980392157,-1,-9
85,16,R,D,0.8627450980392157,0,-11
86,16,L,U,0.8627450980392157,0,-5
87,16,L,U,0.8627450980392157,0,-7
88,16,R,D,0.8627450980392157,1,-1
89,16,R,D,0.8627450980392157,0,-1
90,16,R,D,0.8627450980392157,1,4
91,16,L,U,0.8627450980392157,1,7
92,16,L,U,0.8627450980392157,0,-4
93,16,L,U,0.8627450980392157,-2,-7
94,16,R,D,0.8627450980392157,1,9
95,16,R,U,0.8627450980392157,-1,-12
96,16,R,U,0.8627450980392157,0,-13
97,16,L,D,0.8627450980392157,-1,12
98,16,R,U,0.8627450980392157,2,10
99,16,L,D,0.8627450980392157,2,-5
100,16,R,U,0.8627450980392157,2,3
101,16,R,U,0.8627450980392157,-1,-1
102,16,R,U,0.8627450980392157,1,1
103,16,L,D,0.8627450980392157,2,-7
104,16,R,U,0.8627450980392157,-1,4
105,16,R,U,0.8627450980392157,0,-8
106,16,R,U,0.8627450980392157,0,8
107,16,L,D,0.8627450980392157,-1,4
108,16,R,U,0.8627450980392157,-2,4
109,16,R,U,0.8627450980392157,1,14
110,16,L,D,0.8627450980392157,1,4
111,16,R,U,0.8627450980392157,1,-8
112,16,R,U,0.8627450980392157,0,-11
113,16,R,U,0.8627450980392157,0,-1
114,16,R,U,0.8627450980392157,-1,0
115,16,L,D,0.8627450980392157,1,0
116,16,L,D,0.8627450980392157,-1,6
117,16,L,D,0.8627450980392157,0,10
118,16,L,D,0.8627450980392157,-1,8
119,16,L,D,0.8627450980392157,1,3
120,16,L,D,0.8627450980392157,0,6
121,16,L,D,0.8627450980392157,0,2
122,16,L,D,0.8627450980392157,0,-2
123,16,L,D,0.8627450980392157,0,-1
124,16,L,D,0.8627450980392157,0,0
125,16,L,D,0.8627450980392157,-1,0
126,16,L,D,0.8627450980392157,0,-6
127,16,L,D,0.8627450980392157,-1,2
128,16,L,D,0.8627450980392157,0,6
129,16,L,D,0.8627450980392157,0,13
130,16,L,D,0.8627450980392157,1,8
131,16,L,D,0.8627450980392157,1,7
132,16,L,D,0.8627450980392157,1,0
133,16,L,D,0.8627450980392157,0,2
134,16,L,D,0.8627450980392157,0,-2
135,16,L,D,0.8627450980392157,0,-5
136,16,L,D,0.8627450980392157,-1,-11
137,16,L,D,0.8627450980392157,-1,-10
138,16,L,D,0.8627450980392157,-2,-8
139,16,L,D,0.8627450980392157,-1,-4
140,16,L,D,0.8627450980392157,-1,-5
141,16,L,D,0.8627450980392157,0,-1
142,16,L,D,0.8627450980392157,0,-2
143,16,L,D,0.8627450980392157,1,8
144,16,L,D,0.8627450980392157,0,13
145,16,L,D,0.8627450980392157,0,10
146,16,L,D,0.8627450980392157,0,6
147,16,L,D,0.8627450980392157,0,3
148,16,L,D,0.8627450980392157,0,-1
149,16,L,D,0.8627450980392157,0,2
150,16,L,D,0.8627450980392157,0,6
151,16,L,D,0.8627450980392157,1,9
152,16,L,D,0.8627450980392157,1,5
153,16,L,D,0.8627450980392157,1,9
154,16,L,D,0.8627450980392157,0,8
155,16,L,D,0.8627450980392157,0,9
156,16,L,D,0.8627450980392157,0,7
157,16,L,D,0.8627450980392157,0,1
158,16,L,D,0.8627450980392157,0,1
159,16,L,D,0.8627450980392157,0,6
160,16,L,D,0.8627450980392157,0,4
161,16,L,D,0.8627450980392157,0,5
162,16,L,D,0.8627450980392157,0,5
163,16,L,D,0.8627450980392157,0,0
164,16,L,D,0.8627450980392157,1,-2
165,16,L,D,0.8627450980392157,0,0
166,16,R,U,0.8627450980392157,0,0
167,16,R,U,0.8627450980392157,0,1
168,16,R,U,0.8627450980392157,0,2
169,16,R,U,0.8627450980392157,0,0
170,16,R,U,0.8627450980392157,0,0
171,16,R,U,0.8627450980392157,1,-2
172,16,R,U,0.8627450980392157,1,-1
173,16,R,U,0.8627450980392157,1,-1
174,16,R,U,0.8627450980392157,0,1
175,16,R,U,0.8627450980392157,0,1
176,16,R,U,0.8627450980392157,0,2
177,16,R,U,0.8627450980392157,1,4
178,16,R,U,0.8627450980392157,0,4
179,16,R,U,0.8627450980392157,0,1
180,16,R,U,0.8627450980392157,0,0
181,16,R,U,0.8627450980392157,0,-11
182,16,R,U,0.8627450980392157,0,-10
183,16,R,U,0.8627450980392157,0,-6
184,16,R,U,0.8627450980392157,0,7
185,16,R,U,0.8627450980392157,0,-4
186,16,R,U,0.8627450980392157,1,10
187,16,R,U,0.8627450980392157,1,7
188,16,R,U,0.8627450980392157,0,-6
189,16,L,D,0.8627450980392157,1,3
190,16,R,U,0.8627450980392157,0,-1
191,16,R,U,0.8627450980392157,-1,-8
192,16,R,U,0.8627450980392157,0,4
193,16,R,U,0.8627450980392157,0,6
194,16,R,U,0.8627450980392157,0,-1
195,16,R,U,0.8627450980392157,0,-8
196,16,R,U,0.8627450980392157,1,4
197,16,R,U,0.8627450980392157,0,-2
198,16,L,D,0.8627450980392157,0,-5
199,16,R,U,0.8627450980392157,0,-17
200,16,L,D,0.8627450980392157,0,-14
201,16,L,D,0.8627450980392157,0,-11
202,16,R,U,0.8627450980392157,0,-6
1,17,R,D,0.984375,-1,1
2,17,R,D,0.984375,0,1
3,17,R,D,0.984375,1,-1
4,17,L,U,0.984375,-1,-1
5,17,L,U,0.984375,0,-1
6,17,L,U,0.984375,-3,-1
7,17,R,D,0.984375,2,0
8,17,L,D,0.984375,1,1
9,17,L,U,0.984375,-1,-2
10,17,R,D,0.984375,2,1
11,17,R,D,0.984375,0,0
12,17,L,U,0.984375,0,3
13,17,R,D,0.984375,1,-2
14,17,L,U,0.984375,-1,-3
15,17,R,D,0.984375,0,-4
16,17,R,D,0.984375,-1,-2
17,17,R,D,0.984375,0,-2
18,17,L,U,0.984375,1,1
19,17,L,U,0.984375,2,2
20,17,R,D,0.984375,2,2
21,17,R,U,0.984375,1,1
22,17,R,D,0.984375,-1,-4
23,17,L,U,0.984375,-2,7
24,17,R,D,0.984375,-1,-5
25,17,R,U,0.984375,-3,-1
26,17,L,D,0.984375,1,0
27,17,L,U,0.984375,2,-3
28,17,L,U,0.984375,1,-1
29,17,L,U,0.984375,1,-2
30,17,R,D,0.984375,1,2
31,17,L,D,0.984375,-2,-3
32,17,L,U,0.984375,-1,0
33,17,R,D,0.984375,1,3
34,17,L,U,0.984375,-1,-5
35,17,R,U,0.984375,1,-4
36,17,L,U,0.984375,0,4
37,17,R,D,0.984375,-1,-1
38,17,L,U,0.984375,-2,3
39,17,R,U,0.984375,3,-3
40,17,R,U,0.984375,0,-4
41,17,L,U,0.984375,0,-3
42,17,R,U,0.984375,0,-1
43,17,R,U,0.984375,0,1
44,17,L,D,0.984375,0,7
45,17,R,U,0.984375,-1,-1
46,17,R,U,0.984375,0,2
47,17,L,D,0.984375,0,-5
48,17,L,D,0.984375,1,-2
49,17,R,U,0.984375,1,-3
50,17,R,U,0.984375,1,-1
51,17,L,D,0.984375,0,0
54,17,L,U,0.984375,-1,-3
55,17,L,U,0.984375,0,-2
56,17,R,D,0.984375,-1,1
57,17,R,D,0.984375,-1,-6
58,17,R,D,0.984375,0,-3
59,17,R,D,0.984375,1,1
60,17,R,D,0.984375,0,2
61,17,R,D,0.984375,-1,-1
62,17,R,D,0.984375,0,-8
63,17,R,U,0.984375,0,2
64,17,L,D,0.984375,2,9
65,17,R,U,0.984375,-1,14
66,17,L,D,0.984375,2,10
67,17,L,D,0.984375,-1,7
68,17,R,U,0.984375,1,1
69,17,L,D,0.984375,1,10
70,17,R,U,0.984375,0,-1
71,17,R,U,0.984375,0,-3
72,17,R,U,0.984375,0,-3
73,17,L,D,0.984375,1,3
74,17,L,D,0.984375,0,0
75,17,R,U,0.984375,3,-12
76,17,L,D,0.984375,-2,0
77,17,L,D,0.984375,1,1
78,17,L,D,0.984375,0,1
79,17,L,D,0.984375,0,3
80,17,R,U,0.984375,0,5
81,17,R,U,0.984375,0,-5
82,17,L,D,0.984375,0,3
83,17,R,U,0.984375,0,3
84,17,R,U,0.984375,-1,-1
85,17,R,U,0.984375,-1,3
86,17,R,U,0.984375,0,4
87,17,R,U,0.984375,0,-19
88,17,L,D,0.984375,-1,-9
89,17,L,D,0.984375,1,1
90,17,L,D,0.984375,1,3
91,17,L,D,0.984375,1,14
92,17,L,D,0.984375,2,10
93,17,L,D,0.984375,0,4
94,17,R,U,0.984375,0,0
95,17,R,U,0.984375,0,-4
96,17,L,D,0.984375,-2,-2
97,17,L,D,0.984375,1,-12
98,17,L,D,0.984375,1,-21
99,17,L,D,0.984375,2,10
100,17,R,U,0.984375,2,18
101,17,L,D,0.984375,2,15
102,17,R,U,0.984375,0,9
103,17,R,U,0.984375,0,5
104,17,L,D,0.984375,0,1
105,17,R,U,0.984375,0,0
106,17,R,U,0.984375,1,-6
107,17,R,U,0.984375,1,-3
108,17,R,U,0.984375,1,-1
109,17,R,U,0.984375,1,-4
110,17,L,D,0.984375,0,8
111,17,L,D,0.984375,0,12
112,17,L,D,0.984375,-1,-8
113,17,L,D,0.984375,0,-30
114,17,L,U,0.984375,0,-7
115,17,R,D,0.984375,1,3
116,17,L,U,0.984375,0,7
117,17,L,U,0.984375,0,6
118,17,L,U,0.984375,-1,11
119,17,L,U,0.984375,0,1
120,17,L,U,0.984375,0,-12
121,17,R,D,0.984375,1,2
122,17,R,D,0.984375,-1,1
123,17,L,U,0.984375,-1,-6
124,17,R,D,0.984375,0,6
125,17,L,U,0.984375,-1,1
126,17,L,U,0.984375,-1,4
127,17,L,U,0.984375,-1,6
128,17,R,D,0.984375,0,-11
129,17,L,U,0.984375,1,-3
130,17,R,D,0.984375,0,0
131,17,R,D,0.984375,1,1
132,17,L,U,0.984375,1,0
134,17,L,U,0.984375,0,14
135,17,L,U,0.984375,1,4
136,17,R,D,0.984375,0,-6
138,17,L,U,0.984375,0,0
139,17,L,U,0.984375,0,-1
140,17,L,U,0.984375,0,9
141,17,L,U,0.984375,1,1
142,17,R,D,0.984375,1,-1
143,17,R,D,0.984375,1,-3
146,17,R,U,0.984375,0,-11
147,17,R,U,0.984375,0,-14
148,17,R,U,0.984375,0,-4
149,17,R,U,0.984375,1,-3
150,17,R,U,0.984375,1,-6
151,17,R,U,0.984375,1,-5
152,17,R,U,0.984375,1,1
153,17,R,U,0.984375,1,-1
154,17,R,U,0.984375,0,1
155,17,R,U,0.984375,0,1
156,17,R,U,0.984375,0,-1
157,17,R,U,0.984375,1,1
158,17,R,U,0.984375,0,5
159,17,R,U,0.984375,0,1
160,17,R,U,0.984375,0,-6
161,17,R,U,0.984375,0,-4
162,17,R,U,0.984375,0,-9
163,17,R,U,0.984375,0,-8
164,17,R,U,0.984375,0,-1
166,17,R,U,0.984375,1,5
167,17,R,U,0.984375,1,5
168,17,R,U,0.984375,3,5
169,17,R,U,0.984375,1,10
170,17,R,U,0.984375,0,19
171,17,R,U,0.984375,1,10
172,17,R,U,0.984375,1,9
173,17,R,U,0.984375,0,8
174,17,L,D,0.984375,0,-12
175,17,L,D,0.984375,0,-7
176,17,L,D,0.984375,0,5
177,17,L,D,0.984375,0,9
178,17,L,D,0.984375,-1,5
179,17,L,D,0.984375,0,5
180,17,L,D,0.984375,0,-7
181,17,L,D,0.984375,0,-10
182,17,L,D,0.984375,0,-1
183,17,L,D,0.984375,1,-9
185,17,L,D,0.984375,0,-2
186,17,L,D,0.984375,-1,12
187,17,L,D,0.984375,1,6
188,17,L,D,0.984375,0,-6
189,17,L,D,0.984375,-2,-14
190,17,L,D,0.984375,-2,-5
191,17,L,D,0.984375,-2,-3
192,17,R,U,0.984375,0,13
193,17,R,U,0.984375,1,10
194,17,L,D,0.984375,0,8
197,17,R,U,0.984375,0,-1
198,17,L,D,0.984375,4,0
199,17,R,U,0.984375,1,-26
200,17,L,D,0.984375,-1,-10
201,17,L,D,0.984375,-1,3
2,18,L,D,1.0,1,1
3,18,R,D,1.0,0,4
5,18,L,U,1.0,1,1
6,18,L,U,1.0,-1,-1
7,18,R,D,1.0,2,-2
8,18,R,D,1.0,0,-1
9,18,L,D,1.0,1,0
10,18,L,U,1.0,-1,-1
11,18,R,D,1.0,3,0
12,18,L,D,1.0,0,-5
13,18,L,U,1.0,-1,-2
14,18,R,D,1.0,1,5
15,18,L,D,1.0,-2,-1
16,18,R,U,1.0,-1,6
17,18,R,D,1.0,-1,2
18,18,L,U,1.0,2,2
19,18,R,D,1.0,-1,-1
20,18,R,U,1.0,0,-3
21,18,L,D,1.0,-1,-2
22,18,R,U,1.0,-1,3
23,18,R,U,1.0,-1,2
24,18,R,U,1.0,-2,1
25,18,L,D,1.0,1,1
26,18,R,D,1.0,0,-2
27,18,L,U,1.0,2,0
28,18,L,D,1.0,2,4
29,18,L,D,1.0,0,1
30,18,L,D,1.0,1,2
31,18,R,D,1.0,1,3
32,18,R,D,1.0,-2,-1
33,18,L,D,1.0,1,-1
34,18,L,D,1.0,0,6
35,18,R,U,1.0,0,4
36,18,L,U,1.0,0,-1
37,18,R,U,1.0,-1,2
39,18,L,U,1.0,-1,-3
40,18,R,U,1.0,1,-5
41,18,L,U,1.0,1,-4
42,18,L,D,1.0,0,-3
43,18,L,U,1.0,-1,4
44,18,L,U,1.0,1,4
45,18,L,D,1.0,1,3
46,18,R,D,1.0,0,-1
47,18,L,U,1.0,0,3
48,18,R,U,1.0,0,-3
49,18,L,U,1.0,1,-6
50,18,R,D,1.0,1,2
51,18,L,U,1.0,1,0
52,18,L,U,1.0,-1,-2
53,18,L,U,1.0,2,5
54,18,R,D,1.0,1,-1
55,18,L,D,1.0,-1,-3
56,18,R,U,1.0,0,3
57,18,R,U,1.0,0,6
58,18,R,U,1.0,1,-4
59,18,L,U,1.0,1,-1
60,18,R,D,1.0,-1,0
61,18,R,D,1.0,0,-1
62,18,L,U,1.0,1,-5
63,18,L,U,1.0,-1,-8
64,18,R,U,1.0,3,-3
65,18,R,U,1.0,2,-5
66,18,L,D,1.0,-1,8
67,18,L,D,1.0,0,9
68,18,R,U,1.0,-1,-1
69,18,R,D,1.0,-1,2
70,18,L,U,1.0,-1,3
71,18,L,U,1.0,1,-3
72,18,R,D,1.0,-1,-3
73,18,R,D,1.0,-1,2
74,18,L,U,1.0,0,2
75,18,L,U,1.0,1,4
76,18,R,D,1.0,2,0
77,18,R,D,1.0,2,0
78,18,L,U,1.0,1,-7
79,18,L,U,1.0,0,-6
80,18,R,D,1.0,1,-5
81,18,R,D,1.0,0,0
82,18,R,D,1.0,0,14
83,18,L,U,1.0,0,6
84,18,L,U,1.0,0,-2
85,18,L,U,1.0,0,0
86,18,L,U,1.0,0,-5
87,18,L,U,1.0,0,-7
88,18,L,U,1.0,0,1
89,18,L,U,1.0,0,1
90,18,L,U,1.0,0,6
91,18,L,U,1.0,0,7
92,18,L,U,1.0,1,-13
93,18,R,D,1.0,0,-2
94,18,R,D,1.0,1,-9
95,18,L,U,1.0,-1,-9
96,18,R,D,1.0,2,-12
97,18,R,U,1.0,1,-5
98,18,L,D,1.0,-1,15
99,18,R,U,1.0,1,7
100,18,L,D,1.0,1,2
101,18,L,D,1.0,1,12
102,18,R,U,1.0,0,-13
103,18,R,U,1.0,1,-2
104,18,R,U,1.0,2,3
105,18,L,D,1.0,0,-1
106,18,L,D,1.0,0,-7
107,18,R,U,1.0,1,4
108,18,L,D,1.0,1,11
109,18,L,D,1.0,0,0
110,18,L,D,1.0,1,2
111,18,R,U,1.0,0,-13
112,18,R,U,1.0,0,-7
113,18,L,D,1.0,1,-7
114,18,L,D,1.0,2,0
115,18,L,D,1.0,1,-5
116,18,R,U,1.0,0,17
117,18,R,U,1.0,-1,-6
118,18,R,U,1.0,-1,19
119,18,R,U,1.0,1,-6
120,18,R,U,1.0,0,14
121,18,R,U,1.0,1,-7
122,18,L,D,1.0,1,-3
123,18,L,D,1.0,1,-20
124,18,L,D,1.0,0,-6
125,18,R,U,1.0,0,-6
126,18,R,U,1.0,-1,-10
127,18,L,D,1.0,-1,-4
128,18,R,U,1.0,0,-2
129,18,L,D,1.0,-1,-4
130,18,L,D,1.0,-1,-7
131,18,L,D,1.0,1,0
132,18,L,D,1.0,0,-2
134,18,L,D,1.0,0,4
135,18,R,U,1.0,-3,6
136,18,R,U,1.0,1,0
137,18,R,U,1.0,3,-2
138,18,L,D,1.0,3,0
139,18,L,D,1.0,0,-2
140,18,R,U,1.0,-1,2
141,18,R,U,1.0,0,4
142,18,R,U,1.0,0,0
143,18,R,U,1.0,0,4
144,18,R,U,1.0,0,5
145,18,R,U,1.0,0,9
147,18,L,D,1.0,0,-2
148,18,R,D,1.0,1,9
149,18,L,U,1.0,-1,-3
150,18,L,U,1.0,-1,0
151,18,L,D,1.0,0,0
153,18,R,D,1.0,0,-4
154,18,R,D,1.0,-1,10
155,18,R,D,1.0,3,12
156,18,R,D,1.0,0,1
157,18,R,D,1.0,1,1
158,18,R,D,1.0,-1,-3
159,18,L,U,1.0,0,-7
160,18,L,U,1.0,0,1
161,18,R,D,1.0,-1,1
162,18,L,U,1.0,0,-4
163,18,L,U,1.0,0,-2
164,18,L,U,1.0,0,1
165,18,L,U,1.0,0,0
166,18,L,U,1.0,0,-3
167,18,L,U,1.0,1,-4
168,18,L,U,1.0,0,0
169,18,L,D,1.0,1,0
170,18,L,D,1.0,1,6
171,18,L,D,1.0,1,-4
172,18,L,D,1.0,1,-3
173,18,L,D,1.0,0,1
174,18,L,D,1.0,0,-3
175,18,L,D,1.0,0,1
176,18,L,D,1.0,1,4
177,18,L,D,1.0,1,1
178,18,L,D,1.0,1,-3
179,18,L,D,1.0,0,0
180,18,L,D,1.0,0,-4
181,18,L,D,1.0,0,1
182,18,L,D,1.0,1,7
183,18,L,D,1.0,1,4
184,18,L,D,1.0,1,-3
185,18,L,D,1.0,0,-3
186,18,L,D,1.0,0,0
187,18,L,D,1.0,0,2
188,18,L,D,1.0,1,-3
189,18,L,D,1.0,1,2
190,18,L,D,1.0,1,1
191,18,L,D,1.0,0,1
192,18,L,D,1.0,0,0
193,18,L,D,1.0,0,-1
194,18,L,D,1.0,1,-1
195,18,L,D,1.0,1,0
196,18,L,D,1.0,0,-2
197,18,L,D,1.0,0,-3
198,18,L,D,1.0,0,-2
199,18,L,D,1.0,0,0
200,18,L,D,1.0,0,0
201,18,L,D,1.0,1,1
202,18,L,D,1.0,0,1
1,19,R,U,1.0,0,2
2,19,L,D,1.0,-1,-2
3,19,L,D,1.0,-1,3
4,19,L,D,1.0,1,-1
5,19,L,D,1.0,-1,-2
6,19,L,U,1.0,-1,-4
7,19,L,D,1.0,0,-3
8,19,L,D,1.0,-1,-4
9,19,L,D,1.0,0,-2
10,19,R,U,1.0,1,0
11,19,R,D,1.0,1,-2
12,19,R,D,1.0,1,2
13,19,R,D,1.0,0,-1
14,19,R,U,1.0,-1,2
15,19,R,U,1.0,0,-6
16,19,L,D,1.0,0,-1
17,19,R,D,1.0,-1,-1
18,19,R,U,1.0,-1,-6
19,19,L,U,1.0,-2,3
20,19,L,U,1.0,0,4
21,19,L,D,1.0,1,1
22,19,R,U,1.0,0,-2
23,19,L,D,1.0,0,3
24,19,L,D,1.0,1,1
25,19,R,D,1.0,0,-7
26,19,L,U,1.0,1,1
27,19,L,U,1.0,1,2
28,19,L,U,1.0,-1,2
29,19,L,D,1.0,1,-1
30,19,R,U,1.0,-1,0
31,19,R,D,1.0,0,1
32,19,R,U,1.0,0,6
33,19,R,D,1.0,-2,1
34,19,L,D,1.0,-1,-2
35,19,R,D,1.0,1,0
36,19,R,U,1.0,0,-8
37,19,L,U,1.0,0,2
38,19,L,D,1.0,1,-1
39,19,R,U,1.0,-1,-3
40,19,L,U,1.0,0,-1
41,19,L,D,1.0,2,1
42,19,L,U,1.0,0,0
43,19,L,D,1.0,0,-2
44,19,R,U,1.0,1,1
45,19,L,U,1.0,-1,1
46,19,R,U,1.0,-3,4
47,19,L,D,1.0,0,0
48,19,L,D,1.0,1,4
49,19,R,D,1.0,1,-8
50,19,L,D,1.0,1,-6
51,19,L,U,1.0,-1,2
52,19,L,U,1.0,0,-1
53,19,L,U,1.0,0,1
54,19,R,D,1.0,1,2
55,19,R,D,1.0,2,3
56,19,R,U,1.0,1,6
57,19,L,D,1.0,1,3
58,19,L,D,1.0,1,3
59,19,L,U,1.0,1,-5
60,19,L,U,1.0,-1,2
61,19,R,D,1.0,0,-3
62,19,R,U,1.0,0,-9
63,19,R,U,1.0,-2,-1
64,19,L,D,1.0,-1,-2
65,19,L,D,1.0,1,-3
66,19,L,D,1.0,2,1
67,19,L,U,1.0,1,6
68,19,R,D,1.0,0,0
69,19,L,D,1.0,0,10
70,19,L,D,1.0,-1,-5
71,19,R,U,1.0,1,13
72,19,L,D,1.0,2,-3
73,19,R,U,1.0,-1,4
74,19,R,U,1.0,-1,-1
75,19,R,U,1.0,0,4
76,19,L,D,1.0,1,1
77,19,R,U,1.0,0,-2
78,19,R,U,1.0,2,6
79,19,R,U,1.0,1,4
80,19,L,D,1.0,2,3
81,19,L,D,1.0,1,1
82,19,R,U,1.0,0,-3
83,19,L,D,1.0,0,2
84,19,R,U,1.0,-1,-2
85,19,R,U,1.0,1,1
86,19,L,D,1.0,-1,6
87,19,R,U,1.0,0,3
88,19,R,U,1.0,1,8
89,19,R,U,1.0,-1,-9
90,19,L,D,1.0,2,-2
91,19,L,D,1.0,0,-6
92,19,R,U,1.0,1,-10
93,19,R,U,1.0,-1,-2
94,19,R,U,1.0,1,-5
95,19,L,D,1.0,2,3
96,19,R,U,1.0,0,3
97,19,L,D,1.0,-1,4
98,19,L,D,1.0,1,1
99,19,L,D,1.0,-2,2
100,19,L,D,1.0,-1,9
101,19,R,U,1.0,1,-3
102,19,L,D,1.0,1,5
103,19,L,D,1.0,0,19
104,19,L,D,1.0,1,13
105,19,R,U,1.0,1,1
106,19,R,U,1.0,-2,-4
107,19,L,D,1.0,0,-20
108,19,L,D,1.0,0,8
109,19,R,U,1.0,0,6
110,19,R,U,1.0,0,7
111,19,L,D,1.0,1,4
112,19,L,D,1.0,0,8
113,19,R,U,1.0,1,6
114,19,L,D,1.0,0,7
115,19,R,U,1.0,0,3
116,19,L,D,1.0,0,3
117,19,R,U,1.0,1,-2
118,19,R,U,1.0,0,-1
119,19,R,U,1.0,0,0
120,19,R,U,1.0,0,-8
121,19,R,U,1.0,0,-7
122,19,R,D,1.0,0,5
123,19,R,D,1.0,0,16
124,19,R,D,1.0,-1,5
125,19,R,D,1.0,-1,-2
126,19,R,D,1.0,-1,-12
127,19,R,D,1.0,0,-13
128,19,R,D,1.0,0,-15
129,19,R,D,1.0,-3,8
130,19,L,U,1.0,-1,7
131,19,R,D,1.0,-1,9
132,19,R,D,1.0,0,-5
133,19,R,D,1.0,0,12
134,19,R,D,1.0,1,-4
135,19,R,D,1.0,-1,1
136,19,R,D,1.0,0,4
137,19,L,U,1.0,0,-9
138,19,R,D,1.0,-1,-6
139,19,L,U,1.0,0,-3
140,19,L,U,1.0,1,1
141,19,R,D,1.0,-3,3
142,19,R,D,1.0,-1,0
143,19,R,D,1.0,1,0
144,19,L,U,1.0,0,-4
145,19,L,U,1.0,0,-4
146,19,R,D,1.0,1,-3
147,19,L,U,1.0,0,3
148,19,R,D,1.0,0,3
149,19,L,U,1.0,0,1
150,19,L,U,1.0,0,9
151,19,R,D,1.0,1,4
152,19,R,D,1.0,-3,0
153,19,L,U,1.0,0,-1
154,19,L,U,1.0,-1,-1
155,19,R,D,1.0,0,-12
156,19,L,U,1.0,0,1
157,19,R,D,1.0,1,1
158,19,R,D,1.0,1,1
159,19,R,D,1.0,0,-8
160,19,L,U,1.0,0,-3
161,19,L,U,1.0,0,0
162,19,R,D,1.0,1,14
163,19,R,D,1.0,0,13
164,19,L,U,1.0,-1,15
165,19,L,U,1.0,0,3
166,19,L,U,1.0,0,0
167,19,L,U,1.0,-1,1
168,19,L,U,1.0,-1,-3
169,19,L,U,1.0,0,-4
170,19,L,U,1.0,0,-3
171,19,L,U,1.0,-1,0
172,19,L,U,1.0,0,1
173,19,L,U,1.0,-1,-1
174,19,L,U,1.0,-1,3
175,19,L,U,1.0,0,0
176,19,L,U,1.0,0,-1
177,19,L,U,1.0,-1,1
178,19,L,U,1.0,0,1
179,19,L,U,1.0,0,0
180,19,L,U,1.0,0,-1
181,19,L,U,1.0,0,-4
182,19,L,U,1.0,0,0
183,19,L,U,1.0,-1,3
184,19,L,U,1.0,-1,-3
185,19,L,U,1.0,-1,-1
186,19,L,U,1.0,0,3
187,19,L,U,1.0,0,0
188,19,L,U,1.0,0,-1
189,19,L,U,1.0,-1,-3
190,19,L,U,1.0,-1,-3
191,19,L,U,1.0,-1,-4
192,19,L,U,1.0,0,-3
193,19,L,U,1.0,-1,-1
194,19,L,U,1.0,-1,0
195,19,L,U,1.0,-1,0
196,19,L,U,1.0,-1,4
197,19,L,U,1.0,-1,4
198,19,L,U,1.0,0,5
199,19,L,U,1.0,-1,1
200,19,L,U,1.0,0,1
201,19,L,U,1.0,0,1
202,19,L,U,1.0,-1,3
7,20,R,D,1.0,0,3
8,20,R,D,1.0,0,-4
9,20,L,U,1.0,0,3
10,20,R,D,1.0,1,0
11,20,R,U,1.0,0,-3
12,20,R,U,1.0,0,-1
13,20,R,D,1.0,1,-3
14,20,R,D,1.0,2,-2
15,20,R,D,1.0,-2,-3
16,20,R,D,1.0,2,1
17,20,L,U,1.0,0,-2
18,20,L,D,1.0,-2,2
19,20,R,U,1.0,-1,-2
20,20,R,D,1.0,0,-1
21,20,R,D,1.0,0,-4
22,20,L,U,1.0,2,0
23,20,R,D,1.0,0,2
24,20,R,U,1.0,-1,0
25,20,R,D,1.0,0,-3
26,20,L,U,1.0,0,7
27,20,L,U,1.0,0,0
28,20,L,D,1.0,-1,-4
29,20,L,D,1.0,-1,-5
30,20,L,U,1.0,0,-2
31,20,R,U,1.0,-1,0
32,20,R,D,1.0,3,-3
33,20,L,U,1.0,1,-8
34,20,L,D,1.0,0,7
35,20,L,U,1.0,-2,3
36,20,R,U,1.0,0,5
37,20,L,D,1.0,0,3
38,20,R,U,1.0,1,-3
39,20,R,D,1.0,2,-7
40,20,R,U,1.0,1,4
41,20,R,U,1.0,0,4
42,20,R,D,1.0,0,0
43,20,R,U,1.0,-4,-6
44,20,R,D,1.0,0,2
45,20,R,U,1.0,0,-9
46,20,R,U,1.0,-1,-9
47,20,L,D,1.0,2,2
48,20,R,U,1.0,2,2
49,20,L,D,1.0,0,2
50,20,L,D,1.0,0,3
51,20,L,D,1.0,0,5
52,20,R,D,1.0,-1,-2
53,20,R,D,1.0,0,-5
54,20,L,U,1.0,-2,-5
55,20,R,D,1.0,-1,2
56,20,L,U,1.0,-1,4
57,20,L,D,1.0,0,0
58,20,R,U,1.0,0,6
59,20,L,D,1.0,2,2
60,20,R,U,1.0,0,-8
61,20,R,U,1.0,0,-1
62,20,R,U,1.0,2,-8
63,20,R,D,1.0,3,-8
64,20,R,D,1.0,1,-16
65,20,L,U,1.0,0,-4
66,20,L,U,1.0,0,6
67,20,L,U,1.0,0,4
68,20,L,U,1.0,-2,4
69,20,R,U,1.0,-1,6
70,20,L,D,1.0,2,-4
71,20,L,D,1.0,1,-1
72,20,R,U,1.0,-1,-7
73,20,R,U,1.0,1,-2
74,20,L,U,1.0,1,2
75,20,L,U,1.0,0,1
76,20,L,D,1.0,-2,0
77,20,R,U,1.0,-2,4
78,20,L,D,1.0,0,0
79,20,L,D,1.0,2,-3
80,20,R,U,1.0,0,0
81,20,R,U,1.0,0,1
82,20,R,U,1.0,0,5
83,20,L,D,1.0,1,-3
84,20,L,D,1.0,-1,2
85,20,R,U,1.0,0,9
86,20,R,U,1.0,1,0
87,20,R,U,1.0,1,-4
88,20,R,U,1.0,0,-15
89,20,R,U,1.0,-1,0
90,20,L,D,1.0,-2,7
91,20,L,D,1.0,1,5
92,20,L,D,1.0,2,-5
93,20,L,D,1.0,1,0
94,20,L,U,1.0,3,1
95,20,L,U,1.0,1,-23
96,20,R,D,1.0,3,-10
97,20,L,U,1.0,2,-15
98,20,L,U,1.0,1,18
99,20,L,U,1.0,1,13
100,20,L,U,1.0,0,10
101,20,L,U,1.0,1,2
102,20,L,U,1.0,0,2
103,20,L,U,1.0,-1,-4
104,20,R,D,1.0,1,-5
105,20,R,U,1.0,-1,3
106,20,L,D,1.0,0,-5
107,20,L,D,1.0,0,-2
108,20,L,D,1.0,0,0
109,20,L,D,1.0,0,0
110,20,L,D,1.0,1,0
111,20,L,D,1.0,0,-1
112,20,L,D,1.0,0,7
113,20,L,D,1.0,1,2
114,20,L,D,1.0,1,1
115,20,L,D,1.0,0,12
116,20,L,D,1.0,1,-2
117,20,R,U,1.0,0,0
118,20,R,U,1.0,0,-6
119,20,L,D,1.0,1,-10
120,20,L,D,1.0,1,2
121,20,R,U,1.0,0,4
122,20,L,D,1.0,1,-1
123,20,L,D,1.0,-1,6
124,20,R,U,1.0,1,9
125,20,L,D,1.0,1,-1
126,20,R,U,1.0,1,-4
127,20,R,U,1.0,-1,1
128,20,R,D,1.0,1,1
130,20,L,U,1.0,4,-6
131,20,L,U,1.0,1,-5
132,20,L,U,1.0,1,-27
133,20,L,U,1.0,1,9
134,20,L,U,1.0,-1,10
135,20,L,U,1.0,0,-25
136,20,L,U,1.0,1,15
137,20,R,D,1.0,1,11
138,20,R,D,1.0,3,0
139,20,R,U,1.0,1,-3
140,20,R,U,1.0,1,10
141,20,R,U,1.0,1,-19
142,20,R,U,1.0,0,-10
143,20,R,U,1.0,1,7
144,20,R,U,1.0,0,1
145,20,R,D,1.0,1,8
146,20,R,D,1.0,0,8
147,20,L,U,1.0,0,0
148,20,L,U,1.0,0,-1
149,20,L,D,1.0,0,-3
150,20,L,D,1.0,0,-3
151,20,L,U,1.0,-3,3
152,20,L,U,1.0,-1,4
153,20,L,U,1.0,0,24
154,20,L,U,1.0,1,1
155,20,L,U,1.0,3,1
157,20,L,U,1.0,2,12
158,20,L,U,1.0,3,-6
159,20,L,U,1.0,2,-6
160,20,L,U,1.0,2,8
161,20,L,U,1.0,0,-6
162,20,L,U,1.0,2,22
163,20,R,D,1.0,0,-19
164,20,L,U,1.0,0,-50
165,20,R,D,1.0,0,13
166,20,L,U,1.0,0,13
167,20,L,U,1.0,2,5
168,20,L,U,1.0,2,18
169,20,L,U,1.0,0,43
170,20,L,U,1.0,0,22
171,20,L,U,1.0,2,-48
172,20,L,U,1.0,0,14
173,20,L,U,1.0,2,0
174,20,R,D,1.0,2,0
175,20,L,U,1.0,2,3
176,20,R,D,1.0,0,34
177,20,R,D,1.0,0,-12
178,20,L,U,1.0,-2,-2
179,20,R,D,1.0,2,2
180,20,R,D,1.0,0,-2
181,20,L,U,1.0,0,2
182,20,L,U,1.0,2,2
183,20,L,U,1.0,0,-26
184,20,L,U,1.0,2,-10
185,20,L,U,1.0,0,5
186,20,R,D,1.0,2,21
187,20,R,D,1.0,2,25
188,20,R,D,1.0,0,27
191,20,L,U,1.0,2,-5
192,20,R,D,1.0,2,-14
13,21,R,U,1.0,0,-1
14,21,R,U,1.0,0,8
15,21,R,U,1.0,-1,0
16,21,L,D,1.0,1,-6
17,21,R,U,1.0,0,2
18,21,L,D,1.0,0,0
19,21,L,D,1.0,0,-2
20,21,L,D,1.0,-2,1
21,21,R,U,1.0,0,1
22,21,R,D,1.0,0,-5
23,21,L,U,1.0,0,0
24,21,R,D,1.0,0,4
25,21,L,U,1.0,0,6
26,21,L,D,1.0,0,1
27,21,L,U,1.0,-2,-2
28,21,L,U,1.0,0,-3
29,21,R,U,1.0,-1,-4
30,21,R,U,1.0,1,-4
31,21,L,D,1.0,-1,-3
32,21,L,U,1.0,1,2
33,21,L,U,1.0,-2,1
34,21,R,U,1.0,0,5
35,21,L,D,1.0,-1,-2
36,21,L,D,1.0,3,3
37,21,L,U,1.0,0,-1
38,21,R,U,1.0,0,5
39,21,R,U,1.0,1,2
40,21,L,D,1.0,-1,3
41,21,L,U,1.0,-2,-7
42,21,L,U,1.0,-1,-8
43,21,R,D,1.0,1,-1
44,21,L,U,1.0,-3,0
45,21,R,D,1.0,0,4
46,21,L,U,1.0,2,2
47,21,R,D,1.0,0,-3
48,21,L,U,1.0,0,6
49,21,R,D,1.0,1,-2
50,21,R,D,1.0,2,1
51,21,R,D,1.0,-1,-1
52,21,R,D,1.0,3,-1
53,21,R,D,1.0,0,-1
54,21,R,D,1.0,-2,3
55,21,R,U,1.0,-1,3
56,21,R,U,1.0,0,-2
57,21,L,D,1.0,-1,3
58,21,L,D,1.0,0,1
59,21,L,U,1.0,-2,-4
60,21,L,D,1.0,2,-4
61,21,R,D,1.0,-1,-3
62,21,L,D,1.0,-1,6
63,21,R,D,1.0,2,10
64,21,L,U,1.0,0,5
65,21,L,U,1.0,0,-2
66,21,L,U,1.0,0,2
67,21,L,U,1.0,0,9
68,21,L,U,1.0,0,2
69,21,R,D,1.0,0,6
70,21,R,D,1.0,-1,-3
71,21,L,U,1.0,1,-1
72,21,L,U,1.0,1,3
73,21,L,U,1.0,2,1
74,21,L,U,1.0,-2,6
75,21,L,U,1.0,-1,1
76,21,R,D,1.0,0,6
77,21,L,U,1.0,-1,0
78,21,R,D,1.0,1,4
79,21,R,D,1.0,1,0
80,21,L,U,1.0,0,-6
82,21,L,U,1.0,-1,-5
83,21,L,U,1.0,-2,-1
84,21,L,U,1.0,0,2
85,21,R,D,1.0,-1,1
86,21,L,U,1.0,3,3
87,21,L,U,1.0,0,-1
88,21,R,D,1.0,1,3
89,21,R,D,1.0,1,-1
90,21,L,U,1.0,1,-1
91,21,R,D,1.0,1,3
92,21,L,D,1.0,0,-1
93,21,R,U,1.0,-3,5
94,21,L,D,1.0,1,-3
95,21,L,D,1.0,0,-6
96,21,L,D,1.0,0,-3
97,21,L,D,1.0,-2,7
98,21,L,D,1.0,-1,4
99,21,R,U,1.0,-1,-4
100,21,L,D,1.0,1,6
101,21,L,D,1.0,0,5
102,21,L,D,1.0,1,2
103,21,R,U,1.0,1,8
104,21,R,U,1.0,0,-8
105,21,L,D,1.0,-2,-8
106,21,R,U,1.0,1,3
107,21,R,U,1.0,0,4
108,21,L,D,1.0,1,7
109,21,R,U,1.0,2,5
110,21,R,U,1.0,-1,3
111,21,R,U,1.0,0,-1
112,21,L,D,1.0,0,-1
113,21,L,D,1.0,1,-5
114,21,R,U,1.0,1,-3
115,21,R,U,1.0,-1,-4
116,21,L,U,1.0,-1,3
117,21,L,D,1.0,0,1
118,21,L,D,1.0,-2,3
119,21,L,U,1.0,-2,3
120,21,L,U,1.0,-1,1
121,21,R,D,1.0,3,17
122,21,R,D,1.0,1,-1
123,21,R,D,1.0,0,-2
124,21,R,D,1.0,0,-7
125,21,R,D,1.0,1,-4
126,21,L,U,1.0,0,-3
127,21,L,U,1.0,-2,-3
128,21,R,D,1.0,2,0
129,21,R,D,1.0,3,-2
130,21,R,D,1.0,-1,-10
131,21,R,D,1.0,0,-5
132,21,L,U,1.0,-1,-3
133,21,R,D,1.0,0,1
134,21,L,U,1.0,0,3
135,21,L,U,1.0,1,-2
136,21,L,U,1.0,1,-2
137,21,L,U,1.0,0,-1
138,21,R,D,1.0,1,0
139,21,L,U,1.0,1,-3
140,21,L,U,1.0,-1,7
141,21,L,U,1.0,1,4
142,21,R,D,1.0,0,1
143,21,R,D,1.0,-1,-9
144,21,L,U,1.0,0,-2
145,21,L,U,1.0,0,-2
146,21,L,U,1.0,0,-4
147,21,R,D,1.0,0,1
148,21,R,U,1.0,-1,-9
149,21,L,D,1.0,0,-2
150,21,R,U,1.0,0,-2
151,21,R,U,1.0,-1,1
152,21,L,U,1.0,-1,-5
153,21,L,U,1.0,1,5
154,21,R,D,1.0,-1,2
155,21,R,D,1.0,1,16
156,21,R,D,1.0,2,6
157,21,L,U,1.0,1,7
158,21,R,D,1.0,0,2
159,21,L,U,1.0,1,-4
160,21,L,U,1.0,0,-6
161,21,R,D,1.0,0,0
162,21,L,U,1.0,1,-14
163,21,L,U,1.0,-1,4
165,21,R,D,1.0,1,3
166,21,R,D,1.0,1,11
167,21,R,D,1.0,-1,6
168,21,L,U,1.0,0,1
169,21,R,D,1.0,0,-4
170,21,R,D,1.0,0,4
171,21,L,U,1.0,1,3
172,21,L,U,1.0,0,-11
173,21,L,U,1.0,-2,-23
174,21,R,D,1.0,-2,9
175,21,R,D,1.0,0,9
176,21,R,D,1.0,0,4
177,21,R,D,1.0,1,16
178,21,L,U,1.0,0,6
179,21,L,U,1.0,0,-12
180,21,L,U,1.0,-1,-26
181,21,R,D,1.0,-1,9
182,21,L,U,1.0,-1,6
183,21,R,D,1.0,-2,14
184,21,L,U,1.0,-1,2
185,21,L,U,1.0,-1,7
186,21,L,U,1.0,-1,-5
187,21,L,U,1.0,-3,-3
188,21,L,U,1.0,-1,4
189,21,R,D,1.0,-1,6
190,21,L,U,1.0,-1,-2
191,21,L,U,1.0,-1,4
192,21,L,D,1.0,-1,-8
193,21,L,D,1.0,-1,-3
194,21,L,D,1.0,0,5
196,21,R,U,1.0,0,-2
197,21,R,U,1.0,0,4
198,21,R,U,1.0,0,2
199,21,R,U,1.0,0,1
200,21,L,D,1.0,0,2
201,21,L,D,1.0,0,0
202,21,L,U,1.0,-1,4
8,22,R,U,0.96875,0,-1
9,22,R,D,0.96875,1,-3
10,22,L,U,0.96875,1,7
11,22,R,U,0.96875,1,-1
12,22,R,D,0.96875,-1,-2
13,22,L,D,0.96875,-1,-6
14,22,L,U,0.96875,0,2
15,22,L,U,0.96875,-1,-6
16,22,L,D,0.96875,1,-2
17,22,R,U,0.96875,-1,-2
18,22,R,D,0.96875,1,-6
19,22,L,U,0.96875,0,6
20,22,R,D,0.96875,0,1
21,22,L,D,0.96875,0,-4
22,22,R,U,0.96875,1,-3
23,22,L,U,0.96875,1,-3
24,22,L,U,0.96875,1,2
25,22,L,U,0.96875,0,0
26,22,R,D,0.96875,-2,2
27,22,L,U,0.96875,0,-2
28,22,L,D,0.96875,-1,1
29,22,R,D,0.96875,1,-7
30,22,R,D,0.96875,0,2
31,22,R,D,0.96875,0,-1
32,22,R,D,0.96875,-2,-4
33,22,L,D,0.96875,0,6
34,22,R,U,0.96875,0,3
35,22,L,U,0.96875,0,-3
36,22,R,D,0.96875,0,2
37,22,L,U,0.96875,0,-2
38,22,L,D,0.96875,0,3
39,22,L,U,0.96875,1,0
40,22,L,U,0.96875,1,2
41,22,R,U,0.96875,0,-12
42,22,L,U,0.96875,1,1
43,22,R,U,0.96875,-1,-1
44,22,R,U,0.96875,1,-7
45,22,R,D,0.96875,1,0
46,22,R,D,0.96875,1,0
47,22,R,U,0.96875,-1,2
48,22,R,U,0.96875,-2,-3
49,22,R,U,0.96875,1,7
50,22,R,U,0.96875,0,4
51,22,L,U,0.96875,0,0
52,22,R,U,0.96875,-1,-4
53,22,R,D,0.96875,-1,-2
54,22,L,U,0.96875,-1,-6
55,22,L,U,0.96875,3,-5
56,22,L,D,0.96875,-1,0
57,22,L,U,0.96875,-1,0
58,22,L,D,0.96875,2,0
59,22,R,U,0.96875,2,0
60,22,R,D,0.96875,-1,-2
61,22,R,D,0.96875,3,-18
62,22,L,U,0.96875,-1,6
63,22,R,D,0.96875,0,2
64,22,R,D,0.96875,-1,-2
65,22,R,D,0.96875,-1,8
66,22,R,D,0.96875,0,-1
67,22,L,U,0.96875,-1,-1
68,22,R,D,0.96875,1,-6
69,22,R,D,0.96875,0,4
70,22,L,U,0.96875,0,1
71,22,L,U,0.96875,1,4
72,22,R,D,0.96875,0,3
73,22,R,D,0.96875,2,-5
74,22,R,U,0.96875,-2,-2
75,22,R,U,0.96875,0,4
76,22,L,D,0.96875,0,-5
77,22,L,D,0.96875,0,4
78,22,L,D,0.96875,-1,8
79,22,L,D,0.96875,1,-4
80,22,R,U,0.96875,-1,-6
81,22,R,U,0.96875,-1,-4
82,22,L,U,0.96875,-3,11
83,22,L,U,0.96875,0,0
84,22,L,U,0.96875,1,5
86,22,L,D,0.96875,1,3
87,22,R,D,0.96875,1,1
89,22,R,D,0.96875,1,1
90,22,L,U,0.96875,-2,2
91,22,R,D,0.96875,1,0
92,22,L,U,0.96875,0,-4
93,22,R,D,0.96875,2,-6
96,22,R,D,0.96875,0,-2
97,22,L,D,0.96875,2,-2
98,22,L,D,0.96875,1,1
99,22,L,U,0.96875,0,10
100,22,L,U,0.96875,0,-1
101,22,L,U,0.96875,0,-2
102,22,L,U,0.96875,-1,1
103,22,L,U,0.96875,0,0
104,22,L,U,0.96875,0,-1
105,22,L,U,0.96875,0,2
106,22,L,U,0.96875,-1,0
107,22,L,U,0.96875,0,1
108,22,L,U,0.96875,0,1
109,22,L,U,0.96875,0,0
110,22,L,U,0.96875,0,-1
111,22,L,U,0.96875,0,0
112,22,L,D,0.96875,-2,-3
113,22,L,D,0.96875,-1,0
114,22,L,D,0.96875,-1,0
115,22,L,D,0.96875,0,0
116,22,L,D,0.96875,0,1
117,22,L,D,0.96875,0,-1
118,22,L,D,0.96875,-1,-1
119,22,L,D,0.96875,-1,-1
120,22,L,D,0.96875,1,-1
121,22,L,D,0.96875,1,0
122,22,L,D,0.96875,1,1
123,22,L,D,0.96875,1,0
124,22,L,D,0.96875,0,0
125,22,L,D,0.96875,0,1
126,22,L,D,0.96875,-1,0
127,22,L,D,0.96875,0,1
128,22,L,U,0.96875,0,-1
129,22,L,U,0.96875,-1,2
130,22,L,U,0.96875,-2,-1
131,22,L,U,0.96875,-1,-3
132,22,L,U,0.96875,-1,-2
133,22,L,U,0.96875,-1,-2
134,22,L,U,0.96875,-1,-2
135,22,L,U,0.96875,0,-2
136,22,L,U,0.96875,-1,-4
137,22,L,U,0.96875,-1,-4
138,22,L,U,0.96875,0,-3
139,22,L,U,0.96875,0,-3
140,22,L,U,0.96875,-1,-1
141,22,L,U,0.96875,0,-1
142,22,L,U,0.96875,0,-1
143,22,L,U,0.96875,-1,-1
144,22,L,U,0.96875,-1,-2
145,22,L,U,0.96875,0,-2
146,22,L,U,0.96875,0,-2
147,22,L,U,0.96875,-1,-2
148,22,L,U,0.96875,1,-1
149,22,L,U,0.96875,0,-2
150,22,L,U,0.96875,1,-3
151,22,L,U,0.96875,1,-2
152,22,L,U,0.96875,1,4
153,22,L,U,0.96875,1,5
154,22,L,U,0.96875,-1,0
155,22,L,U,0.96875,0,-1
156,22,L,U,0.96875,1,-2
157,22,L,U,0.96875,0,-3
158,22,L,U,0.96875,0,-1
159,22,L,U,0.96875,0,-2
160,22,L,U,0.96875,0,2
161,22,L,U,0.96875,0,-1
162,22,L,U,0.96875,0,1
163,22,L,U,0.96875,0,0
164,22,L,U,0.96875,0,1
165,22,L,U,0.96875,0,-2
166,22,L,U,0.96875,1,3
167,22,L,U,0.96875,2,4
168,22,L,U,0.96875,0,4
169,22,L,U,0.96875,0,3
170,22,L,U,0.96875,0,3
171,22,L,U,0.96875,0,3
172,22,L,U,0.96875,0,2
173,22,L,U,0.96875,1,-1
174,22,L,U,0.96875,0,0
175,22,L,U,0.96875,1,0
176,22,L,U,0.96875,1,-1
177,22,L,U,0.96875,0,0
178,22,L,U,0.96875,0,0
179,22,L,U,0.96875,1,-1
180,22,L,U,0.96875,-1,1
181,22,L,U,0.96875,0,6
182,22,L,U,0.96875,-1,4
183,22,L,U,0.96875,0,3
184,22,L,U,0.96875,0,3
185,22,L,U,0.96875,0,1
186,22,L,U,0.96875,0,1
187,22,L,U,0.96875,0,-2
188,22,L,U,0.96875,0,-1
189,22,L,U,0.96875,0,-1
190,22,L,U,0.96875,0,1
191,22,L,U,0.96875,0,0
192,22,L,U,0.96875,0,3
193,22,L,U,0.96875,0,3
194,22,L,U,0.96875,0,4
195,22,L,U,0.96875,0,1
196,22,L,U,0.96875,0,0
197,22,L,U,0.96875,0,-1
198,22,L,U,0.96875,1,0
199,22,L,U,0.96875,0,-2
200,22,L,U,0.96875,0,-1
201,22,L,U,0.96875,-1,3
202,22,L,U,0.96875,-1,3
12,23,L,D,1.0,-1,-6
13,23,R,D,1.0,-1,1
14,23,R,D,1.0,1,3
15,23,R,D,1.0,0,2
16,23,R,D,1.0,-1,3
17,23,R,D,1.0,1,6
18,23,L,U,1.0,1,1
19,23,R,D,1.0,-1,1
20,23,L,U,1.0,0,-3
21,23,R,D,1.0,1,-9
22,23,L,U,1.0,0,-7
23,23,L,U,1.0,-1,1
24,23,L,D,1.0,-1,5
25,23,L,U,1.0,-1,4
26,23,L,U,1.0,0,-2
27,23,R,D,1.0,3,0
28,23,R,D,1.0,0,-1
29,23,R,U,1.0,-1,-1
30,23,L,U,1.0,-1,1
31,23,L,U,1.0,-1,-3
32,23,L,U,1.0,-1,-1
33,23,R,D,1.0,0,-3
34,23,L,D,1.0,0,4
35,23,R,U,1.0,1,-3
36,23,L,D,1.0,0,7
37,23,R,D,1.0,2,-2
38,23,R,D,1.0,1,1
39,23,R,D,1.0,1,-2
40,23,R,D,1.0,1,1
41,23,R,D,1.0,-1,2
42,23,L,U,1.0,-1,0
43,23,L,U,1.0,1,-2
44,23,R,D,1.0,1,1
45,23,L,U,1.0,1,-1
46,23,R,U,1.0,0,-4
47,23,L,U,1.0,2,-1
48,23,L,D,1.0,-1,3
49,23,R,D,1.0,1,0
50,23,R,U,1.0,-1,-1
51,23,R,D,1.0,2,-1
52,23,L,U,1.0,0,3
53,23,R,D,1.0,0,0
54,23,L,U,1.0,-2,4
55,23,R,D,1.0,-1,-2
56,23,R,D,1.0,-2,1
57,23,L,U,1.0,0,3
58,23,R,D,1.0,0,0
59,23,L,U,1.0,0,-5
60,23,R,D,1.0,0,-5
61,23,R,D,1.0,0,5
62,23,R,U,1.0,-1,-1
63,23,R,U,1.0,2,-1
64,23,L,D,1.0,-1,1
65,23,R,U,1.0,3,7
66,23,R,U,1.0,2,0
67,23,R,U,1.0,3,1
68,23,R,U,1.0,-1,-10
69,23,L,D,1.0,-1,1
70,23,R,U,1.0,0,-3
71,23,R,U,1.0,-2,-2
72,23,R,U,1.0,0,4
73,23,R,U,1.0,0,-1
74,23,R,U,1.0,1,7
75,23,R,U,1.0,1,1
76,23,R,U,1.0,0,5
78,23,L,D,1.0,1,-2
79,23,R,U,1.0,-1,-4
80,23,R,U,1.0,-1,-4
81,23,L,D,1.0,0,-2
82,23,L,D,1.0,-1,3
83,23,R,U,1.0,-2,-5
84,23,R,U,1.0,2,2
85,23,R,U,1.0,0,0
86,23,R,U,1.0,0,0
87,23,L,D,1.0,2,3
88,23,R,D,1.0,-1,-3
89,23,L,U,1.0,0,4
90,23,L,U,1.0,-1,2
91,23,R,D,1.0,-1,0
92,23,R,D,1.0,0,-1
93,23,L,U,1.0,0,1
94,23,R,U,1.0,0,-1
95,23,L,U,1.0,0,1
96,23,L,U,1.0,-1,-2
97,23,L,D,1.0,-1,-3
98,23,L,D,1.0,-1,0
99,23,L,D,1.0,0,0
100,23,L,D,1.0,0,3
101,23,L,D,1.0,1,-1
102,23,L,D,1.0,1,6
103,23,L,D,1.0,0,7
104,23,L,D,1.0,1,0
105,23,L,D,1.0,0,-6
106,23,L,D,1.0,-1,-6
107,23,L,D,1.0,0,-9
108,23,L,D,1.0,-1,-2
109,23,L,D,1.0,0,-1
110,23,L,D,1.0,0,1
111,23,L,D,1.0,0,0
112,23,L,D,1.0,0,2
113,23,L,D,1.0,0,-1
114,23,L,D,1.0,1,1
115,23,L,D,1.0,-1,0
116,23,L,D,1.0,0,2
117,23,L,D,1.0,0,-1
118,23,L,D,1.0,2,-2
119,23,L,D,1.0,0,-2
120,23,L,D,1.0,0,1
121,23,L,D,1.0,0,-1
122,23,L,D,1.0,1,-1
123,23,L,D,1.0,0,-2
124,23,L,D,1.0,1,1
125,23,L,D,1.0,1,1
126,23,L,D,1.0,-1,1
127,23,L,D,1.0,0,1
128,23,L,D,1.0,-1,-2
129,23,L,D,1.0,0,0
130,23,L,D,1.0,-1,8
131,23,L,D,1.0,0,7
132,23,L,D,1.0,0,5
133,23,L,D,1.0,1,7
134,23,L,D,1.0,2,6
135,23,L,D,1.0,2,1
136,23,L,D,1.0,1,3
137,23,L,D,1.0,0,-3
138,23,L,D,1.0,0,0
139,23,L,D,1.0,0,0
140,23,L,D,1.0,0,0
141,23,L,D,1.0,1,-2
142,23,L,D,1.0,2,2
143,23,L,D,1.0,-1,-1
144,23,L,D,1.0,1,3
145,23,L,D,1.0,-1,0
146,23,L,D,1.0,0,1
147,23,L,D,1.0,0,0
148,23,L,D,1.0,0,-1
149,23,L,D,1.0,0,-2
150,23,L,D,1.0,0,-1
151,23,L,D,1.0,1,0
152,23,L,D,1.0,0,-1
153,23,L,D,1.0,0,-3
154,23,L,D,1.0,0,0
155,23,L,D,1.0,0,1
156,23,L,D,1.0,0,2
157,23,L,D,1.0,0,1
158,23,L,D,1.0,0,0
159,23,L,D,1.0,0,-2
160,23,L,D,1.0,0,-1
161,23,L,D,1.0,0,0
162,23,L,D,1.0,0,0
163,23,L,D,1.0,-1,-2
164,23,L,D,1.0,-1,-1
165,23,L,D,1.0,0,-1
166,23,L,D,1.0,-1,-2
167,23,L,D,1.0,0,0
168,23,L,D,1.0,1,-1
169,23,L,D,1.0,1,1
170,23,L,D,1.0,1,-2
171,23,L,D,1.0,1,-1
172,23,L,D,1.0,0,-1
173,23,L,D,1.0,0,0
174,23,L,D,1.0,-1,1
175,23,L,D,1.0,0,1
176,23,L,D,1.0,0,-1
177,23,L,D,1.0,0,2
178,23,L,D,1.0,0,-1
179,23,L,D,1.0,0,0
180,23,L,D,1.0,0,2
181,23,L,D,1.0,-1,1
182,23,L,D,1.0,0,0
183,23,L,D,1.0,-1,1
184,23,L,D,1.0,-1,0
185,23,L,D,1.0,1,0
186,23,L,D,1.0,0,-1
187,23,L,D,1.0,0,-1
188,23,L,D,1.0,0,-2
189,23,L,D,1.0,0,-1
190,23,L,D,1.0,0,-1
191,23,L,D,1.0,0,0
192,23,L,D,1.0,-1,2
193,23,L,D,1.0,0,-1
194,23,L,D,1.0,-1,2
195,23,L,D,1.0,0,0
196,23,L,D,1.0,-1,-1
197,23,L,D,1.0,1,1
198,23,L,D,1.0,0,-1
199,23,L,D,1.0,0,-2
200,23,L,D,1.0,0,1
201,23,L,D,1.0,0,-1
202,23,L,D,1.0,0,-1
8,24,R,U,0.703125,1,3
9,24,R,U,0.703125,-1,-5
10,24,L,U,0.703125,0,1
11,24,L,U,0.703125,0,-1
12,24,R,U,0.703125,2,1
13,24,L,U,0.703125,0,3
14,24,L,U,0.703125,3,0
15,24,L,U,0.703125,0,3
16,24,R,U,0.703125,-1,-5
17,24,R,D,0.703125,0,-4
18,24,R,D,0.703125,0,-2
19,24,L,D,0.703125,0,4
20,24,L,D,0.703125,0,1
21,24,L,D,0.703125,0,-3
22,24,R,D,0.703125,0,1
23,24,R,D,0.703125,-2,-4
24,24,L,D,0.703125,-4,1
25,24,R,U,0.703125,1,-10
26,24,L,D,0.703125,0,4
27,24,R,D,0.703125,1,-2
28,24,L,U,0.703125,1,3
29,24,R,D,0.703125,2,-2
30,24,R,D,0.703125,-1,1
31,24,R,D,0.703125,2,-13
32,24,R,U,0.703125,-2,-2
33,24,L,D,0.703125,0,-1
34,24,L,D,0.703125,0,8
35,24,R,U,0.703125,-1,-1
36,24,L,D,0.703125,2,3
37,24,R,D,0.703125,1,7
38,24,R,D,0.703125,-1,3
39,24,L,U,0.703125,0,-5
40,24,L,U,0.703125,1,-1
41,24,L,U,0.703125,-1,5
42,24,L,D,0.703125,0,-3
43,24,L,D,0.703125,0,0
44,24,L,U,0.703125,2,-11
45,24,R,D,0.703125,2,-3
46,24,L,D,0.703125,0,-6
47,24,L,D,0.703125,-2,1
48,24,R,D,0.703125,0,0
49,24,R,U,0.703125,0,4
50,24,L,D,0.703125,1,-3
51,24,L,D,0.703125,1,1
52,24,R,D,0.703125,0,2
53,24,L,U,0.703125,-1,9
54,24,R,U,0.703125,2,-17
55,24,L,D,0.703125,0,4
56,24,R,D,0.703125,1,2
57,24,R,U,0.703125,1,-12
58,24,L,D,0.703125,-2,3
59,24,L,D,0.703125,0,3
60,24,L,U,0.703125,2,-1
61,24,L,D,0.703125,1,5
62,24,R,U,0.703125,3,-8
63,24,R,U,0.703125,0,-12
64,24,L,D,0.703125,0,-5
65,24,L,D,0.703125,0,5
66,24,R,U,0.703125,-1,-4
67,24,L,D,0.703125,1,1
68,24,R,U,0.703125,-1,-3
69,24,L,U,0.703125,0,-3
70,24,R,D,0.703125,1,-4
71,24,R,D,0.703125,0,-1
72,24,L,D,0.703125,2,-1
73,24,L,D,0.703125,1,0
74,24,L,D,0.703125,-3,-4
75,24,L,D,0.703125,0,0
76,24,L,D,0.703125,0,-4
77,24,L,D,0.703125,1,7
78,24,R,U,0.703125,0,6
79,24,R,U,0.703125,-1,4
80,24,L,D,0.703125,0,3
81,24,R,U,0.703125,-2,3
82,24,L,D,0.703125,0,9
83,24,L,D,0.703125,0,0
84,24,R,U,0.703125,1,-7
85,24,L,D,0.703125,0,-3
86,24,R,U,0.703125,0,-8
87,24,L,D,0.703125,1,-3
88,24,R,U,0.703125,-2,-4
89,24,L,D,0.703125,0,-1
90,24,R,U,0.703125,4,-3
91,24,R,U,0.703125,1,0
92,24,R,U,0.703125,0,-1
93,24,R,U,0.703125,-1,1
94,24,L,D,0.703125,-1,-2
95,24,L,D,0.703125,-1,1
96,24,L,D,0.703125,-2,2
97,24,L,D,0.703125,0,1
98,24,R,U,0.703125,-2,-5
99,24,L,D,0.703125,0,-3
101,24,L,D,0.703125,1,-10
102,24,L,D,0.703125,-1,0
103,24,R,U,0.703125,0,-6
104,24,R,U,0.703125,0,9
105,24,R,U,0.703125,1,3
107,24,L,D,0.703125,-1,6
108,24,L,D,0.703125,0,1
109,24,R,U,0.703125,-2,9
110,24,R,U,0.703125,0,3
111,24,R,U,0.703125,-1,-2
112,24,R,U,0.703125,0,-2
113,24,R,U,0.703125,1,3
114,24,L,D,0.703125,0,3
115,24,L,D,0.703125,0,2
116,24,R,U,0.703125,-1,-1
117,24,L,D,0.703125,0,-1
118,24,L,D,0.703125,1,2
119,24,L,D,0.703125,0,0
120,24,R,U,0.703125,-1,5
122,24,R,U,0.703125,-1,4
123,24,L,D,0.703125,0,2
124,24,L,D,0.703125,0,0
125,24,R,U,0.703125,0,-6
126,24,R,U,0.703125,0,-6
127,24,L,D,0.703125,1,-4
128,24,R,U,0.703125,0,-5
129,24,R,U,0.703125,0,-3
130,24,L,D,0.703125,0,4
131,24,R,U,0.703125,-1,6
132,24,R,U,0.703125,0,7
133,24,R,U,0.703125,0,6
134,24,L,D,0.703125,1,9
135,24,R,U,0.703125,2,11
136,24,L,D,0.703125,0,6
137,24,L,D,0.703125,0,-2
138,24,R,U,0.703125,-1,1
139,24,R,U,0.703125,0,-6
140,24,L,D,0.703125,0,-3
141,24,R,U,0.703125,0,0
142,24,R,U,0.703125,0,4
143,24,R,U,0.703125,-1,-5
144,24,L,D,0.703125,0,4
145,24,L,D,0.703125,-1,-5
146,24,L,D,0.703125,0,-5
147,24,R,U,0.703125,1,-1
148,24,R,U,0.703125,0,-12
149,24,R,U,0.703125,1,-3
150,24,R,U,0.703125,-1,-1
151,24,R,U,0.703125,0,-1
152,24,R,U,0.703125,1,2
153,24,R,U,0.703125,-1,8
154,24,R,U,0.703125,0,4
155,24,L,D,0.703125,0,8
156,24,R,U,0.703125,0,-2
157,24,R,U,0.703125,0,-5
158,24,R,U,0.703125,0,2
159,24,R,U,0.703125,1,-5
160,24,R,U,0.703125,-1,-1
161,24,R,U,0.703125,0,-8
162,24,R,U,0.703125,1,-25
163,24,L,D,0.703125,0,9
164,24,L,D,0.703125,0,1
165,24,L,D,0.703125,0,6
166,24,L,D,0.703125,0,11
167,24,L,D,0.703125,0,5
168,24,L,D,0.703125,0,-2
169,24,R,U,0.703125,0,-2
170,24,R,U,0.703125,0,1
171,24,R,U,0.703125,-1,-4
172,24,R,U,0.703125,1,7
173,24,L,D,0.703125,0,6
174,24,L,D,0.703125,1,0
175,24,L,D,0.703125,2,-6
176,24,R,U,0.703125,-1,-3
177,24,R,U,0.703125,0,-1
178,24,R,U,0.703125,0,1
179,24,R,U,0.703125,0,-14
180,24,R,U,0.703125,0,5
181,24,R,U,0.703125,-1,0
182,24,L,D,0.703125,0,0
183,24,R,U,0.703125,0,13
184,24,R,U,0.703125,0,2
185,24,R,U,0.703125,-1,5
186,24,R,U,0.703125,0,-2
187,24,L,D,0.703125,-1,-4
188,24,L,D,0.703125,-1,-7
189,24,R,U,0.703125,0,-14
190,24,R,U,0.703125,-1,-5
191,24,R,U,0.703125,0,10
192,24,L,D,0.703125,2,0
193,24,L,D,0.703125,0,-4
194,24,R,U,0.703125,1,2
195,24,L,D,0.703125,1,3
196,24,L,D,0.703125,-1,1
197,24,R,U,0.703125,-1,3
198,24,L,D,0.703125,1,-12
199,24,L,D,0.703125,0,0
200,24,R,U,0.703125,0,2
201,24,L,D,0.703125,0,0
202,24,R,U,0.703125,-1,10
13,25,R,D,0.5873015873015873,0,0
14,25,L,D,0.5873015873015873,1,6
15,25,R,D,0.5873015873015873,1,0
16,25,L,U,0.5873015873015873,-2,-5
17,25,L,D,0.5873015873015873,0,-4
18,25,R,D,0.5873015873015873,0,0
19,25,R,D,0.5873015873015873,-2,2
20,25,L,D,0.5873015873015873,0,2
21,25,R,U,0.5873015873015873,0,1
22,25,R,D,0.5873015873015873,-2,1
23,25,R,U,0.5873015873015873,1,-4
24,25,L,U,0.5873015873015873,-5,2
25,25,R,D,0.5873015873015873,1,2
26,25,L,U,0.5873015873015873,1,-3
27,25,L,D,0.5873015873015873,1,4
28,25,R,D,0.5873015873015873,1,2
29,25,L,D,0.5873015873015873,2,-3
30,25,R,D,0.5873015873015873,1,-9
31,25,R,D,0.5873015873015873,1,-1
32,25,R,U,0.5873015873015873,1,0
34,25,R,D,0.5873015873015873,2,-2
35,25,L,D,0.5873015873015873,0,1
36,25,R,D,0.5873015873015873,-1,3
37,25,L,U,0.5873015873015873,-1,-3
38,25,R,D,0.5873015873015873,1,1
39,25,R,D,0.5873015873015873,0,-4
40,25,R,D,0.5873015873015873,0,1
41,25,L,D,0.5873015873015873,1,1
42,25,R,U,0.5873015873015873,-2,1
43,25,L,U,0.5873015873015873,1,5
44,25,R,U,0.5873015873015873,3,-3
45,25,R,U,0.5873015873015873,-2,-4
46,25,L,D,0.5873015873015873,-1,0
47,25,L,U,0.5873015873015873,-1,-11
48,25,L,U,0.5873015873015873,0,5
49,25,R,D,0.5873015873015873,-2,0
50,25,L,U,0.5873015873015873,1,4
51,25,L,D,0.5873015873015873,1,1
52,25,L,D,0.5873015873015873,0,-3
53,25,R,D,0.5873015873015873,-1,0
54,25,L,U,0.5873015873015873,1,-5
55,25,L,U,0.5873015873015873,0,0
56,25,R,D,0.5873015873015873,0,1
57,25,L,D,0.5873015873015873,2,5
58,25,L,D,0.5873015873015873,-1,0
59,25,L,D,0.5873015873015873,0,-4
60,25,L,U,0.5873015873015873,0,-2
61,25,R,U,0.5873015873015873,-2,-1
62,25,L,D,0.5873015873015873,0,-7
63,25,R,D,0.5873015873015873,1,-6
64,25,R,D,0.5873015873015873,0,8
65,25,L,U,0.5873015873015873,1,2
66,25,R,D,0.5873015873015873,4,-4
67,25,R,D,0.5873015873015873,2,-2
68,25,L,U,0.5873015873015873,0,3
69,25,R,D,0.5873015873015873,1,-6
70,25,R,D,0.5873015873015873,-1,-4
71,25,L,U,0.5873015873015873,-1,-2
72,25,R,D,0.5873015873015873,0,-1
73,25,L,U,0.5873015873015873,-1,1
74,25,R,D,0.5873015873015873,0,-7
75,25,R,D,0.5873015873015873,0,2
76,25,R,D,0.5873015873015873,1,-1
77,25,R,D,0.5873015873015873,-1,-11
78,25,R,D,0.5873015873015873,0,-2
79,25,L,U,0.5873015873015873,-1,1
80,25,L,U,0.5873015873015873,-2,2
81,25,L,U,0.5873015873015873,1,5
82,25,L,U,0.5873015873015873,-1,2
83,25,R,D,0.5873015873015873,1,3
84,25,R,D,0.5873015873015873,-1,0
85,25,R,U,0.5873015873015873,-1,-1
86,25,L,D,0.5873015873015873,-1,-2
87,25,R,U,0.5873015873015873,0,0
88,25,R,U,0.5873015873015873,0,-5
89,25,L,D,0.5873015873015873,1,2
90,25,R,U,0.5873015873015873,1,-3
91,25,R,U,0.5873015873015873,3,-1
92,25,R,U,0.5873015873015873,2,4
93,25,L,D,0.5873015873015873,-1,1
94,25,R,U,0.5873015873015873,-1,-10
95,25,L,D,0.5873015873015873,1,-7
96,25,L,D,0.5873015873015873,0,-7
97,25,L,D,0.5873015873015873,-1,2
98,25,L,D,0.5873015873015873,-1,6
99,25,L,D,0.5873015873015873,1,13
100,25,R,U,0.5873015873015873,-1,10
101,25,R,U,0.5873015873015873,-1,0
102,25,L,D,0.5873015873015873,2,-3
103,25,R,U,0.5873015873015873,0,-8
104,25,R,U,0.5873015873015873,1,-10
105,25,L,D,0.5873015873015873,0,1
106,25,R,U,0.5873015873015873,-1,4
107,25,R,U,0.5873015873015873,1,5
108,25,R,U,0.5873015873015873,-1,8
109,25,L,D,0.5873015873015873,-1,2
110,25,L,D,0.5873015873015873,1,3
111,25,L,D,0.5873015873015873,2,-6
112,25,R,U,0.5873015873015873,-1,0
113,25,R,U,0.5873015873015873,-2,-6
114,25,R,U,0.5873015873015873,-1,7
115,25,L,D,0.5873015873015873,-1,-10
116,25,L,D,0.5873015873015873,0,7
117,25,R,U,0.5873015873015873,0,0
118,25,R,U,0.5873015873015873,1,3
119,25,R,U,0.5873015873015873,-1,0
120,25,R,U,0.5873015873015873,0,-3
121,25,L,D,0.5873015873015873,1,6
122,25,L,D,0.5873015873015873,-1,0
123,25,L,D,0.5873015873015873,-1,1
124,25,L,U,0.5873015873015873,2,5
125,25,R,D,0.5873015873015873,1,-3
126,25,R,D,0.5873015873015873,0,-1
127,25,L,U,0.5873015873015873,-1,3
128,25,L,U,0.5873015873015873,-1,5
129,25,L,U,0.5873015873015873,1,10
130,25,L,U,0.5873015873015873,0,8
131,25,L,U,0.5873015873015873,0,7
132,25,L,U,0.5873015873015873,1,16
133,25,L,U,0.5873015873015873,0,-4
134,25,L,U,0.5873015873015873,0,-8
135,25,R,D,0.5873015873015873,1,7
136,25,L,U,0.5873015873015873,0,-3
137,25,L,U,0.5873015873015873,0,-4
138,25,L,U,0.5873015873015873,0,20
139,25,L,U,0.5873015873015873,-1,3
140,25,L,U,0.5873015873015873,0,1
141,25,L,U,0.5873015873015873,1,-2
142,25,L,U,0.5873015873015873,1,-8
143,25,L,U,0.5873015873015873,0,-10
144,25,L,U,0.5873015873015873,0,1
145,25,L,D,0.5873015873015873,-2,0
146,25,L,D,0.5873015873015873,-1,14
147,25,L,D,0.5873015873015873,-1,3
148,25,L,D,0.5873015873015873,0,6
149,25,L,D,0.5873015873015873,1,-3
150,25,L,D,0.5873015873015873,1,-4
151,25,L,D,0.5873015873015873,0,-2
152,25,L,D,0.5873015873015873,0,-2
153,25,L,D,0.5873015873015873,0,-1
154,25,L,D,0.5873015873015873,1,1
155,25,L,D,0.5873015873015873,0,-2
156,25,L,D,0.5873015873015873,1,-2
157,25,L,D,0.5873015873015873,1,7
158,25,L,D,0.5873015873015873,-1,-1
159,25,R,U,0.5873015873015873,0,-1
160,25,R,U,0.5873015873015873,0,-1
161,25,R,U,0.5873015873015873,0,-3
162,25,R,U,0.5873015873015873,0,-3
163,25,R,U,0.5873015873015873,0,3
164,25,R,U,0.5873015873015873,-1,1
165,25,R,U,0.5873015873015873,0,-2
166,25,L,D,0.5873015873015873,0,0
167,25,L,U,0.5873015873015873,0,2
168,25,R,D,0.5873015873015873,-2,1
169,25,R,D,0.5873015873015873,2,-4
170,25,L,U,0.5873015873015873,0,-2
171,25,L,U,0.5873015873015873,0,-2
172,25,L,U,0.5873015873015873,1,-1
173,25,L,U,0.5873015873015873,0,-2
174,25,R,U,0.5873015873015873,-1,-1
175,25,R,D,0.5873015873015873,1,3
176,25,L,U,0.5873015873015873,1,-1
177,25,L,U,0.5873015873015873,0,-1
178,25,L,U,0.5873015873015873,0,4
179,25,R,D,0.5873015873015873,1,1
180,25,R,D,0.5873015873015873,-1,5
181,25,R,D,0.5873015873015873,1,-2
182,25,L,U,0.5873015873015873,0,-3
183,25,R,D,0.5873015873015873,1,2
184,25,L,U,0.5873015873015873,0,0
185,25,L,U,0.5873015873015873,-1,2
186,25,L,U,0.5873015873015873,0,1
187,25,L,U,0.5873015873015873,-1,1
188,25,L,U,0.5873015873015873,-1,2
189,25,R,D,0.5873015873015873,1,-1
190,25,R,D,0.5873015873015873,0,-3
191,25,R,D,0.5873015873015873,0,3
192,25,R,D,0.5873015873015873,-1,2
193,25,R,D,0.5873015873015873,0,-2
194,25,R,D,0.5873015873015873,-1,2
195,25,R,D,0.5873015873015873,0,-2
196,25,R,D,0.5873015873015873,0,1
197,25,R,D,0.5873015873015873,-1,5
198,25,R,D,0.5873015873015873,0,3
199,25,L,U,0.5873015873015873,0,1
200,25,L,U,0.5873015873015873,-1,1
201,25,L,U,0.5873015873015873,-1,-3
202,25,R,D,0.5873015873015873,1,-1
